,0,ship_id,ship_time,ship_lat,ship_lon,ship_depth,ship_temp,turtle_id,turtle_time,turtle_lat,turtle_lon,turtle_depth,turtle_temp
0,0,[HB1303],2013-08-11 04:09:35,37.9133,-74.505,"[2.0, 3.0, 4.0, 5.0, 6.0, 7.0, 8.0, 9.0, 10.0, 11.0, 12.0, 13.0, 14.0, 15.0, 16.0, 17.0, 18.0, 19.0, 20.0, 21.0, 22.0, 23.0, 24.0, 25.0, 26.0, 27.0, 28.0, 29.0, 30.0, 31.0, 32.0, 33.0, 34.0, 35.0, 36.0, 37.0, 38.0, 39.0, 40.0, 41.0, 42.0, 43.0, 44.0, 45.0, 46.0, 48.0, 53.0]","[24.75, 24.76, 24.74, 24.71, 24.66, 24.53, 24.21, 23.96, 23.86, 23.75, 23.56, 21.82, 18.48, 16.63, 14.27, 12.31, 11.25, 10.59, 10.1, 9.16, 8.35, 8.07, 7.9, 7.82, 7.73, 7.66, 7.58, 7.5, 7.47, 7.46, 7.46, 7.46, 7.46, 7.46, 7.46, 7.46, 7.46, 7.46, 7.46, 7.46, 7.46, 7.46, 7.46, 7.46, 7.46, 7.47, 7.48]",129775,08AUG2013:16:00:00,37.922037136,-74.59160219,"[2.0, 8.0, 11.0, 12.0, 13.0, 17.0, 19.0, 22.0, 26.0, 45.0]","[23.4, 22.493, 18.325, 17.971, 16.095, 11.757, 11.142, 9.035, 8.251, 8.02]"
1,1,[HB1304],2013-09-08 02:44:24,37.9167,-74.6367,"[1.0, 2.0, 3.0, 4.0, 5.0, 6.0, 7.0, 8.0, 9.0, 10.0, 11.0, 12.0, 13.0, 14.0, 15.0, 16.0, 17.0, 18.0, 19.0, 20.0, 21.0, 22.0, 23.0, 24.0, 25.0, 26.0, 27.0, 28.0, 29.0, 30.0, 31.0, 32.0, 33.0, 34.0, 35.0, 36.0, 37.0, 38.0, 39.0, 40.0, 41.0, 42.0, 43.0]","[24.26, 24.26, 24.25, 24.25, 24.26, 24.26, 24.26, 24.24, 24.18, 24.16, 24.16, 24.16, 24.13, 24.1, 23.65, 22.81, 21.41, 19.13, 18.08, 17.5, 15.99, 15.22, 14.84, 11.84, 10.35, 9.7, 9.42, 9.27, 9.26, 9.26, 9.26, 9.26, 9.26, 9.26, 9.26, 9.26, 9.26, 9.26, 9.26, 9.27, 9.29, 9.3, 9.28]",129775,06SEP2013:16:00:00,37.963211305,-74.55924174,"[2.0, 12.0, 16.0, 21.0, 22.0, 23.0, 25.0, 31.0, 35.0, 45.0]","[24.17, 23.813, 22.758, 18.627, 16.651, 16.413, 13.56, 10.231, 9.592, 9.31]"
2,2,[HB1304],2013-09-08 00:18:00,38.1367,-74.4983,"[1.0, 2.0, 3.0, 4.0, 5.0, 6.0, 7.0, 8.0, 9.0, 10.0, 11.0, 12.0, 13.0, 14.0, 15.0, 16.0, 17.0, 18.0, 19.0, 20.0, 21.0, 22.0, 23.0, 24.0, 25.0, 26.0, 27.0, 28.0, 29.0, 30.0, 31.0, 32.0, 33.0, 34.0, 35.0, 36.0, 37.0]","[24.2, 24.21, 24.21, 24.2, 24.18, 24.16, 24.16, 24.1, 24.08, 24.06, 24.01, 23.92, 23.85, 23.76, 23.66, 23.63, 23.48, 22.86, 22.11, 20.88, 19.35, 17.25, 15.5, 13.42, 11.26, 10.07, 9.8, 9.45, 9.1, 9.0, 8.96, 8.96, 8.95, 8.94, 8.94, 8.94, 8.97]",129775,09SEP2013:04:00:00,38.079766194,-74.52894228,"[2.0, 4.0, 5.0, 6.0, 7.0, 8.0, 9.0, 10.0, 11.0, 11.0]","[24.33, 24.33, 24.313, 24.271, 24.204, 24.16, 24.134, 24.067, 24.05, 24.05]"
3,3,[S11301],2013-06-19 23:38:23,39.7617,-73.1783,"[1.0, 2.0, 3.0, 4.0, 5.0, 6.0, 7.0, 8.0, 9.0, 10.0, 11.0, 12.0, 13.0, 14.0, 15.0, 16.0, 17.0, 18.0, 19.0, 20.0, 21.0, 22.0, 23.0, 24.0, 25.0, 26.0, 27.0, 28.0, 29.0, 30.0, 31.0, 32.0, 33.0, 34.0, 35.0, 36.0, 37.0, 38.0, 39.0, 40.0, 41.0, 42.0, 43.0, 44.0]","[17.44, 17.37, 17.51, 17.51, 17.25, 17.17, 17.08, 17.02, 16.97, 16.9, 16.83, 16.77, 16.62, 15.94, 15.24, 14.5, 12.4, 10.2, 8.76, 7.78, 7.58, 7.53, 7.52, 7.47, 7.42, 7.4, 7.38, 7.37, 7.38, 7.44, 7.44, 7.38, 7.39, 7.31, 7.26, 7.25, 7.24, 7.24, 7.24, 7.23, 7.23, 7.23, 7.23, 7.23]",129777,17JUN2013:04:00:00,39.731599269,-73.23070679,"[2.0, 4.0, 5.0, 7.0, 8.0, 8.0]","[16.78, 16.78, 16.785, 16.785, 16.788, 16.81]"
4,4,[S11301],2013-06-19 23:38:23,39.7617,-73.1783,"[1.0, 2.0, 3.0, 4.0, 5.0, 6.0, 7.0, 8.0, 9.0, 10.0, 11.0, 12.0, 13.0, 14.0, 15.0, 16.0, 17.0, 18.0, 19.0, 20.0, 21.0, 22.0, 23.0, 24.0, 25.0, 26.0, 27.0, 28.0, 29.0, 30.0, 31.0, 32.0, 33.0, 34.0, 35.0, 36.0, 37.0, 38.0, 39.0, 40.0, 41.0, 42.0, 43.0, 44.0]","[17.44, 17.37, 17.51, 17.51, 17.25, 17.17, 17.08, 17.02, 16.97, 16.9, 16.83, 16.77, 16.62, 15.94, 15.24, 14.5, 12.4, 10.2, 8.76, 7.78, 7.58, 7.53, 7.52, 7.47, 7.42, 7.4, 7.38, 7.37, 7.38, 7.44, 7.44, 7.38, 7.39, 7.31, 7.26, 7.25, 7.24, 7.24, 7.24, 7.23, 7.23, 7.23, 7.23, 7.23]",129777,17JUN2013:12:00:00,39.728926258,-73.23320202,"[2.0, 3.0, 4.0, 4.0]","[16.69, 16.711, 16.716, 16.72]"
5,5,[S11301],2013-06-19 23:38:23,39.7617,-73.1783,"[1.0, 2.0, 3.0, 4.0, 5.0, 6.0, 7.0, 8.0, 9.0, 10.0, 11.0, 12.0, 13.0, 14.0, 15.0, 16.0, 17.0, 18.0, 19.0, 20.0, 21.0, 22.0, 23.0, 24.0, 25.0, 26.0, 27.0, 28.0, 29.0, 30.0, 31.0, 32.0, 33.0, 34.0, 35.0, 36.0, 37.0, 38.0, 39.0, 40.0, 41.0, 42.0, 43.0, 44.0]","[17.44, 17.37, 17.51, 17.51, 17.25, 17.17, 17.08, 17.02, 16.97, 16.9, 16.83, 16.77, 16.62, 15.94, 15.24, 14.5, 12.4, 10.2, 8.76, 7.78, 7.58, 7.53, 7.52, 7.47, 7.42, 7.4, 7.38, 7.37, 7.38, 7.44, 7.44, 7.38, 7.39, 7.31, 7.26, 7.25, 7.24, 7.24, 7.24, 7.23, 7.23, 7.23, 7.23, 7.23]",129777,17JUN2013:16:00:00,39.758342697,-73.23315117,"[2.0, 3.0, 4.0, 5.0, 7.0]","[16.68, 16.679, 16.676, 16.66, 16.66]"
6,6,[S11301],2013-06-19 23:38:23,39.7617,-73.1783,"[1.0, 2.0, 3.0, 4.0, 5.0, 6.0, 7.0, 8.0, 9.0, 10.0, 11.0, 12.0, 13.0, 14.0, 15.0, 16.0, 17.0, 18.0, 19.0, 20.0, 21.0, 22.0, 23.0, 24.0, 25.0, 26.0, 27.0, 28.0, 29.0, 30.0, 31.0, 32.0, 33.0, 34.0, 35.0, 36.0, 37.0, 38.0, 39.0, 40.0, 41.0, 42.0, 43.0, 44.0]","[17.44, 17.37, 17.51, 17.51, 17.25, 17.17, 17.08, 17.02, 16.97, 16.9, 16.83, 16.77, 16.62, 15.94, 15.24, 14.5, 12.4, 10.2, 8.76, 7.78, 7.58, 7.53, 7.52, 7.47, 7.42, 7.4, 7.38, 7.37, 7.38, 7.44, 7.44, 7.38, 7.39, 7.31, 7.26, 7.25, 7.24, 7.24, 7.24, 7.23, 7.23, 7.23, 7.23, 7.23]",129777,17JUN2013:20:00:00,39.784801427,-73.19255465,"[2.0, 11.0, 12.0, 13.0, 14.0, 16.0, 18.0, 19.0, 38.0, 45.0]","[16.84, 16.466, 16.288, 15.849, 14.895, 11.23, 8.547, 8.032, 7.518, 7.49]"
7,7,[S11301],2013-06-19 05:09:35,39.0567,-73.355,"[2.0, 3.0, 4.0, 5.0, 6.0, 7.0, 8.0, 9.0, 10.0, 11.0, 12.0, 13.0, 14.0, 15.0, 16.0, 17.0, 18.0, 19.0, 20.0, 21.0, 22.0, 23.0, 24.0, 25.0, 26.0, 27.0, 28.0, 29.0, 30.0, 31.0, 32.0, 33.0, 34.0, 35.0, 36.0, 37.0, 38.0, 39.0, 40.0, 41.0, 42.0, 43.0, 44.0, 45.0, 46.0, 47.0, 48.0, 49.0, 50.0, 51.0, 52.0, 53.0, 54.0, 55.0, 56.0, 57.0, 58.0, 59.0, 60.0]","[17.66, 17.66, 17.66, 17.66, 17.66, 17.65, 17.65, 17.65, 17.6, 17.53, 17.34, 17.06, 16.84, 16.64, 16.12, 15.52, 14.01, 11.7, 9.95, 9.37, 9.17, 8.92, 8.44, 7.81, 7.46, 7.28, 6.93, 6.85, 6.79, 6.77, 6.77, 6.76, 6.75, 6.75, 6.74, 6.73, 6.72, 6.71, 6.71, 6.71, 6.71, 6.71, 6.71, 6.71, 6.71, 6.7, 6.69, 6.69, 6.68, 6.68, 6.68, 6.68, 6.68, 6.68, 6.68, 6.68, 6.67, 6.67, 6.67]",129779,18JUN2013:16:00:00,39.035856836,-73.4562881,"[2.0, 14.0, 16.0, 19.0, 27.0, 30.0, 32.0, 34.0, 37.0, 56.0]","[17.23, 16.518, 15.637, 12.897, 12.355, 11.771, 9.605, 8.065, 6.812, 6.61]"
8,8,[S11301],2013-06-19 05:09:35,39.0567,-73.355,"[2.0, 3.0, 4.0, 5.0, 6.0, 7.0, 8.0, 9.0, 10.0, 11.0, 12.0, 13.0, 14.0, 15.0, 16.0, 17.0, 18.0, 19.0, 20.0, 21.0, 22.0, 23.0, 24.0, 25.0, 26.0, 27.0, 28.0, 29.0, 30.0, 31.0, 32.0, 33.0, 34.0, 35.0, 36.0, 37.0, 38.0, 39.0, 40.0, 41.0, 42.0, 43.0, 44.0, 45.0, 46.0, 47.0, 48.0, 49.0, 50.0, 51.0, 52.0, 53.0, 54.0, 55.0, 56.0, 57.0, 58.0, 59.0, 60.0]","[17.66, 17.66, 17.66, 17.66, 17.66, 17.65, 17.65, 17.65, 17.6, 17.53, 17.34, 17.06, 16.84, 16.64, 16.12, 15.52, 14.01, 11.7, 9.95, 9.37, 9.17, 8.92, 8.44, 7.81, 7.46, 7.28, 6.93, 6.85, 6.79, 6.77, 6.77, 6.76, 6.75, 6.75, 6.74, 6.73, 6.72, 6.71, 6.71, 6.71, 6.71, 6.71, 6.71, 6.71, 6.71, 6.7, 6.69, 6.69, 6.68, 6.68, 6.68, 6.68, 6.68, 6.68, 6.68, 6.68, 6.67, 6.67, 6.67]",129779,18JUN2013:20:00:00,39.025453841,-73.45954157,"[2.0, 8.0, 10.0, 11.0, 12.0, 14.0, 16.0, 19.0, 24.0, 57.0]","[17.42, 16.784, 15.469, 14.412, 12.849, 11.663, 10.014, 8.667, 7.017, 6.64]"
9,9,[HB1304],2013-09-15 17:00:00,38.9483,-73.5983,"[1.0, 2.0, 3.0, 4.0, 5.0, 6.0, 7.0, 8.0, 9.0, 10.0, 11.0, 12.0, 13.0, 14.0, 15.0, 16.0, 17.0, 18.0, 19.0, 20.0, 21.0, 22.0, 23.0, 24.0, 25.0, 26.0, 27.0, 28.0, 29.0, 30.0, 31.0, 32.0, 33.0, 34.0, 35.0, 36.0, 37.0, 38.0, 39.0, 40.0, 41.0, 42.0, 43.0, 44.0, 45.0, 46.0, 47.0, 48.0]","[23.19, 23.19, 23.18, 23.17, 23.14, 23.12, 23.1, 23.08, 23.07, 23.07, 23.06, 23.05, 23.05, 23.04, 23.04, 23.03, 23.03, 22.86, 21.82, 20.66, 17.64, 13.99, 12.34, 11.09, 10.59, 10.2, 10.08, 10.05, 10.04, 10.01, 9.95, 9.94, 9.93, 9.92, 9.92, 9.92, 9.92, 9.92, 9.92, 9.92, 9.92, 9.92, 9.92, 9.92, 9.92, 9.92, 9.93, 9.93]",129784,15SEP2013:08:00:00,38.981831969,-73.65119127,"[2.0, 3.0, 4.0, 6.0, 7.0, 8.0, 9.0, 10.0, 11.0, 11.0]","[23.143, 23.144, 23.15, 23.15, 23.149, 23.149, 23.146, 23.141, 23.141, 23.12]"
10,10,[HB1304],2013-09-15 17:00:00,38.9483,-73.5983,"[1.0, 2.0, 3.0, 4.0, 5.0, 6.0, 7.0, 8.0, 9.0, 10.0, 11.0, 12.0, 13.0, 14.0, 15.0, 16.0, 17.0, 18.0, 19.0, 20.0, 21.0, 22.0, 23.0, 24.0, 25.0, 26.0, 27.0, 28.0, 29.0, 30.0, 31.0, 32.0, 33.0, 34.0, 35.0, 36.0, 37.0, 38.0, 39.0, 40.0, 41.0, 42.0, 43.0, 44.0, 45.0, 46.0, 47.0, 48.0]","[23.19, 23.19, 23.18, 23.17, 23.14, 23.12, 23.1, 23.08, 23.07, 23.07, 23.06, 23.05, 23.05, 23.04, 23.04, 23.03, 23.03, 22.86, 21.82, 20.66, 17.64, 13.99, 12.34, 11.09, 10.59, 10.2, 10.08, 10.05, 10.04, 10.01, 9.95, 9.94, 9.93, 9.92, 9.92, 9.92, 9.92, 9.92, 9.92, 9.92, 9.92, 9.92, 9.92, 9.92, 9.92, 9.92, 9.93, 9.93]",129784,16SEP2013:00:00:00,38.955913945,-73.49813589,"[2.0, 3.0, 4.0, 5.0, 6.0, 7.0, 7.0]","[23.24, 23.24, 23.195, 23.175, 23.15, 23.13, 23.13]"
11,11,[HB1205],2012-08-10 04:21:36,38.3767,-74.1783,"[1.0, 2.0, 3.0, 4.0, 5.0, 6.0, 7.0, 8.0, 9.0, 10.0, 11.0, 12.0, 13.0, 14.0, 15.0, 16.0, 17.0, 18.0, 19.0, 20.0, 21.0, 22.0, 23.0, 24.0, 25.0, 26.0, 27.0, 28.0, 29.0, 30.0, 31.0, 32.0, 33.0, 34.0, 35.0, 36.0, 37.0, 38.0, 39.0, 40.0, 41.0, 42.0, 43.0, 44.0, 45.0, 46.0, 47.0, 48.0, 49.0]","[26.67, 26.66, 26.66, 26.64, 26.64, 26.61, 26.58, 26.47, 26.29, 26.1, 25.77, 25.62, 25.12, 24.22, 23.75, 22.68, 20.69, 18.41, 17.46, 17.08, 16.87, 16.64, 16.1, 14.66, 14.18, 13.84, 13.29, 12.57, 11.91, 11.54, 11.53, 11.5, 10.84, 10.23, 10.18, 10.07, 9.85, 9.73, 9.67, 9.61, 9.72, 9.59, 9.48, 9.4, 9.37, 9.36, 9.36, 9.36, 9.36]",118947,08AUG2012:04:00:00,38.379925089,-74.20646487,"[2.0, 3.0, 4.0, 6.0, 7.0, 7.0, 7.0, 7.0, 7.0, 7.0]","[26.46, 26.452, 26.45, 26.42, 26.42, 26.42, 26.42, 26.42, 26.42, 26.42]"
12,12,[HB1205],2012-08-10 04:21:36,38.3767,-74.1783,"[1.0, 2.0, 3.0, 4.0, 5.0, 6.0, 7.0, 8.0, 9.0, 10.0, 11.0, 12.0, 13.0, 14.0, 15.0, 16.0, 17.0, 18.0, 19.0, 20.0, 21.0, 22.0, 23.0, 24.0, 25.0, 26.0, 27.0, 28.0, 29.0, 30.0, 31.0, 32.0, 33.0, 34.0, 35.0, 36.0, 37.0, 38.0, 39.0, 40.0, 41.0, 42.0, 43.0, 44.0, 45.0, 46.0, 47.0, 48.0, 49.0]","[26.67, 26.66, 26.66, 26.64, 26.64, 26.61, 26.58, 26.47, 26.29, 26.1, 25.77, 25.62, 25.12, 24.22, 23.75, 22.68, 20.69, 18.41, 17.46, 17.08, 16.87, 16.64, 16.1, 14.66, 14.18, 13.84, 13.29, 12.57, 11.91, 11.54, 11.53, 11.5, 10.84, 10.23, 10.18, 10.07, 9.85, 9.73, 9.67, 9.61, 9.72, 9.59, 9.48, 9.4, 9.37, 9.36, 9.36, 9.36, 9.36]",118947,08AUG2012:08:00:00,38.34287514,-74.20160283,"[2.0, 5.0, 6.0, 7.0, 8.0, 9.0, 9.0, 9.0, 9.0, 9.0]","[26.42, 26.42, 26.4163, 26.4154, 26.39, 26.39, 26.39, 26.39, 26.39, 26.39]"
13,13,[HB1205],2012-08-10 04:21:36,38.3767,-74.1783,"[1.0, 2.0, 3.0, 4.0, 5.0, 6.0, 7.0, 8.0, 9.0, 10.0, 11.0, 12.0, 13.0, 14.0, 15.0, 16.0, 17.0, 18.0, 19.0, 20.0, 21.0, 22.0, 23.0, 24.0, 25.0, 26.0, 27.0, 28.0, 29.0, 30.0, 31.0, 32.0, 33.0, 34.0, 35.0, 36.0, 37.0, 38.0, 39.0, 40.0, 41.0, 42.0, 43.0, 44.0, 45.0, 46.0, 47.0, 48.0, 49.0]","[26.67, 26.66, 26.66, 26.64, 26.64, 26.61, 26.58, 26.47, 26.29, 26.1, 25.77, 25.62, 25.12, 24.22, 23.75, 22.68, 20.69, 18.41, 17.46, 17.08, 16.87, 16.64, 16.1, 14.66, 14.18, 13.84, 13.29, 12.57, 11.91, 11.54, 11.53, 11.5, 10.84, 10.23, 10.18, 10.07, 9.85, 9.73, 9.67, 9.61, 9.72, 9.59, 9.48, 9.4, 9.37, 9.36, 9.36, 9.36, 9.36]",118947,09AUG2012:00:00:00,38.388164826,-74.19968388,"[2.0, 9.0, 14.0, 18.0, 22.0, 23.0, 24.0, 26.0, 32.0, 53.0]","[26.02, 25.5134, 23.8355, 21.0494, 16.522, 16.4587, 14.5907, 14.4008, 10.6807, 10.19]"
14,14,[HB1205],2012-08-10 04:21:36,38.3767,-74.1783,"[1.0, 2.0, 3.0, 4.0, 5.0, 6.0, 7.0, 8.0, 9.0, 10.0, 11.0, 12.0, 13.0, 14.0, 15.0, 16.0, 17.0, 18.0, 19.0, 20.0, 21.0, 22.0, 23.0, 24.0, 25.0, 26.0, 27.0, 28.0, 29.0, 30.0, 31.0, 32.0, 33.0, 34.0, 35.0, 36.0, 37.0, 38.0, 39.0, 40.0, 41.0, 42.0, 43.0, 44.0, 45.0, 46.0, 47.0, 48.0, 49.0]","[26.67, 26.66, 26.66, 26.64, 26.64, 26.61, 26.58, 26.47, 26.29, 26.1, 25.77, 25.62, 25.12, 24.22, 23.75, 22.68, 20.69, 18.41, 17.46, 17.08, 16.87, 16.64, 16.1, 14.66, 14.18, 13.84, 13.29, 12.57, 11.91, 11.54, 11.53, 11.5, 10.84, 10.23, 10.18, 10.07, 9.85, 9.73, 9.67, 9.61, 9.72, 9.59, 9.48, 9.4, 9.37, 9.36, 9.36, 9.36, 9.36]",118947,09AUG2012:12:00:00,38.364954614,-74.24249255,"[2.0, 10.0, 14.0, 15.0, 19.0, 21.0, 23.0, 27.0, 38.0, 52.0]","[26.37, 26.1062, 24.9354, 23.2534, 18.7351, 17.4324, 14.6621, 12.2711, 10.1933, 9.88]"
15,15,[HB1205],2012-08-10 04:21:36,38.3767,-74.1783,"[1.0, 2.0, 3.0, 4.0, 5.0, 6.0, 7.0, 8.0, 9.0, 10.0, 11.0, 12.0, 13.0, 14.0, 15.0, 16.0, 17.0, 18.0, 19.0, 20.0, 21.0, 22.0, 23.0, 24.0, 25.0, 26.0, 27.0, 28.0, 29.0, 30.0, 31.0, 32.0, 33.0, 34.0, 35.0, 36.0, 37.0, 38.0, 39.0, 40.0, 41.0, 42.0, 43.0, 44.0, 45.0, 46.0, 47.0, 48.0, 49.0]","[26.67, 26.66, 26.66, 26.64, 26.64, 26.61, 26.58, 26.47, 26.29, 26.1, 25.77, 25.62, 25.12, 24.22, 23.75, 22.68, 20.69, 18.41, 17.46, 17.08, 16.87, 16.64, 16.1, 14.66, 14.18, 13.84, 13.29, 12.57, 11.91, 11.54, 11.53, 11.5, 10.84, 10.23, 10.18, 10.07, 9.85, 9.73, 9.67, 9.61, 9.72, 9.59, 9.48, 9.4, 9.37, 9.36, 9.36, 9.36, 9.36]",118947,09AUG2012:20:00:00,38.372685087,-74.22922305,"[2.0, 8.0, 13.0, 17.0, 18.0, 19.0, 20.0, 25.0, 36.0, 56.0]","[26.64, 25.6011, 23.8532, 20.3573, 18.4115, 17.9003, 16.3502, 12.2112, 10.3314, 10.15]"
16,16,[HB1205],2012-08-10 04:21:36,38.3767,-74.1783,"[1.0, 2.0, 3.0, 4.0, 5.0, 6.0, 7.0, 8.0, 9.0, 10.0, 11.0, 12.0, 13.0, 14.0, 15.0, 16.0, 17.0, 18.0, 19.0, 20.0, 21.0, 22.0, 23.0, 24.0, 25.0, 26.0, 27.0, 28.0, 29.0, 30.0, 31.0, 32.0, 33.0, 34.0, 35.0, 36.0, 37.0, 38.0, 39.0, 40.0, 41.0, 42.0, 43.0, 44.0, 45.0, 46.0, 47.0, 48.0, 49.0]","[26.67, 26.66, 26.66, 26.64, 26.64, 26.61, 26.58, 26.47, 26.29, 26.1, 25.77, 25.62, 25.12, 24.22, 23.75, 22.68, 20.69, 18.41, 17.46, 17.08, 16.87, 16.64, 16.1, 14.66, 14.18, 13.84, 13.29, 12.57, 11.91, 11.54, 11.53, 11.5, 10.84, 10.23, 10.18, 10.07, 9.85, 9.73, 9.67, 9.61, 9.72, 9.59, 9.48, 9.4, 9.37, 9.36, 9.36, 9.36, 9.36]",118947,10AUG2012:16:00:00,38.427677652,-74.17593103,"[2.0, 8.0, 13.0, 15.0, 16.0, 17.0, 20.0, 25.0, 35.0, 55.0]","[26.29, 25.7697, 23.6071, 21.8185, 19.4608, 19.1356, 14.8104, 12.0625, 10.404, 10.03]"
17,17,[HB1205],2012-08-10 04:21:36,38.3767,-74.1783,"[1.0, 2.0, 3.0, 4.0, 5.0, 6.0, 7.0, 8.0, 9.0, 10.0, 11.0, 12.0, 13.0, 14.0, 15.0, 16.0, 17.0, 18.0, 19.0, 20.0, 21.0, 22.0, 23.0, 24.0, 25.0, 26.0, 27.0, 28.0, 29.0, 30.0, 31.0, 32.0, 33.0, 34.0, 35.0, 36.0, 37.0, 38.0, 39.0, 40.0, 41.0, 42.0, 43.0, 44.0, 45.0, 46.0, 47.0, 48.0, 49.0]","[26.67, 26.66, 26.66, 26.64, 26.64, 26.61, 26.58, 26.47, 26.29, 26.1, 25.77, 25.62, 25.12, 24.22, 23.75, 22.68, 20.69, 18.41, 17.46, 17.08, 16.87, 16.64, 16.1, 14.66, 14.18, 13.84, 13.29, 12.57, 11.91, 11.54, 11.53, 11.5, 10.84, 10.23, 10.18, 10.07, 9.85, 9.73, 9.67, 9.61, 9.72, 9.59, 9.48, 9.4, 9.37, 9.36, 9.36, 9.36, 9.36]",118947,11AUG2012:04:00:00,38.425846323,-74.21167,"[2.0, 14.0, 17.0, 18.0, 19.0, 20.0, 21.0, 23.0, 30.0, 46.0]","[26.57, 25.7412, 21.5975, 18.9812, 18.1525, 14.1387, 12.7412, 11.7825, 10.6287, 10.32]"
18,18,[HB1205],2012-08-10 04:21:36,38.3767,-74.1783,"[1.0, 2.0, 3.0, 4.0, 5.0, 6.0, 7.0, 8.0, 9.0, 10.0, 11.0, 12.0, 13.0, 14.0, 15.0, 16.0, 17.0, 18.0, 19.0, 20.0, 21.0, 22.0, 23.0, 24.0, 25.0, 26.0, 27.0, 28.0, 29.0, 30.0, 31.0, 32.0, 33.0, 34.0, 35.0, 36.0, 37.0, 38.0, 39.0, 40.0, 41.0, 42.0, 43.0, 44.0, 45.0, 46.0, 47.0, 48.0, 49.0]","[26.67, 26.66, 26.66, 26.64, 26.64, 26.61, 26.58, 26.47, 26.29, 26.1, 25.77, 25.62, 25.12, 24.22, 23.75, 22.68, 20.69, 18.41, 17.46, 17.08, 16.87, 16.64, 16.1, 14.66, 14.18, 13.84, 13.29, 12.57, 11.91, 11.54, 11.53, 11.5, 10.84, 10.23, 10.18, 10.07, 9.85, 9.73, 9.67, 9.61, 9.72, 9.59, 9.48, 9.4, 9.37, 9.36, 9.36, 9.36, 9.36]",118947,11AUG2012:12:00:00,38.412811351,-74.13697796,"[2.0, 14.0, 16.0, 17.0, 18.0, 19.0, 22.0, 35.0, 41.0, 53.0]","[26.27, 25.4679, 24.5656, 22.7275, 22.1259, 20.1709, 17.2132, 11.1976, 9.8775, 9.56]"
19,19,[HB1205],2012-08-10 04:21:36,38.3767,-74.1783,"[1.0, 2.0, 3.0, 4.0, 5.0, 6.0, 7.0, 8.0, 9.0, 10.0, 11.0, 12.0, 13.0, 14.0, 15.0, 16.0, 17.0, 18.0, 19.0, 20.0, 21.0, 22.0, 23.0, 24.0, 25.0, 26.0, 27.0, 28.0, 29.0, 30.0, 31.0, 32.0, 33.0, 34.0, 35.0, 36.0, 37.0, 38.0, 39.0, 40.0, 41.0, 42.0, 43.0, 44.0, 45.0, 46.0, 47.0, 48.0, 49.0]","[26.67, 26.66, 26.66, 26.64, 26.64, 26.61, 26.58, 26.47, 26.29, 26.1, 25.77, 25.62, 25.12, 24.22, 23.75, 22.68, 20.69, 18.41, 17.46, 17.08, 16.87, 16.64, 16.1, 14.66, 14.18, 13.84, 13.29, 12.57, 11.91, 11.54, 11.53, 11.5, 10.84, 10.23, 10.18, 10.07, 9.85, 9.73, 9.67, 9.61, 9.72, 9.59, 9.48, 9.4, 9.37, 9.36, 9.36, 9.36, 9.36]",118954,07AUG2012:12:00:00,38.460516718,-74.19830453,"[2.0, 9.0, 12.0, 14.0, 15.0, 18.0, 22.0, 23.0, 29.0, 49.0]","[26.23, 25.9713, 24.8232, 22.7373, 20.9586, 17.5305, 14.5553, 13.294, 10.4319, 10.06]"
20,20,[HB1205],2012-08-10 04:21:36,38.3767,-74.1783,"[1.0, 2.0, 3.0, 4.0, 5.0, 6.0, 7.0, 8.0, 9.0, 10.0, 11.0, 12.0, 13.0, 14.0, 15.0, 16.0, 17.0, 18.0, 19.0, 20.0, 21.0, 22.0, 23.0, 24.0, 25.0, 26.0, 27.0, 28.0, 29.0, 30.0, 31.0, 32.0, 33.0, 34.0, 35.0, 36.0, 37.0, 38.0, 39.0, 40.0, 41.0, 42.0, 43.0, 44.0, 45.0, 46.0, 47.0, 48.0, 49.0]","[26.67, 26.66, 26.66, 26.64, 26.64, 26.61, 26.58, 26.47, 26.29, 26.1, 25.77, 25.62, 25.12, 24.22, 23.75, 22.68, 20.69, 18.41, 17.46, 17.08, 16.87, 16.64, 16.1, 14.66, 14.18, 13.84, 13.29, 12.57, 11.91, 11.54, 11.53, 11.5, 10.84, 10.23, 10.18, 10.07, 9.85, 9.73, 9.67, 9.61, 9.72, 9.59, 9.48, 9.4, 9.37, 9.36, 9.36, 9.36, 9.36]",118889,12AUG2012:20:00:00,38.421814333,-74.17854271,"[2.0, 12.0, 14.0, 18.0, 19.0, 21.0, 29.0, 30.0, 37.0, 54.0]","[26.56, 25.5446, 24.2539, 20.416, 18.7983, 16.6987, 11.7078, 10.7612, 9.4016, 9.35]"
21,21,[HB1205],2012-08-10 04:21:36,38.3767,-74.1783,"[1.0, 2.0, 3.0, 4.0, 5.0, 6.0, 7.0, 8.0, 9.0, 10.0, 11.0, 12.0, 13.0, 14.0, 15.0, 16.0, 17.0, 18.0, 19.0, 20.0, 21.0, 22.0, 23.0, 24.0, 25.0, 26.0, 27.0, 28.0, 29.0, 30.0, 31.0, 32.0, 33.0, 34.0, 35.0, 36.0, 37.0, 38.0, 39.0, 40.0, 41.0, 42.0, 43.0, 44.0, 45.0, 46.0, 47.0, 48.0, 49.0]","[26.67, 26.66, 26.66, 26.64, 26.64, 26.61, 26.58, 26.47, 26.29, 26.1, 25.77, 25.62, 25.12, 24.22, 23.75, 22.68, 20.69, 18.41, 17.46, 17.08, 16.87, 16.64, 16.1, 14.66, 14.18, 13.84, 13.29, 12.57, 11.91, 11.54, 11.53, 11.5, 10.84, 10.23, 10.18, 10.07, 9.85, 9.73, 9.67, 9.61, 9.72, 9.59, 9.48, 9.4, 9.37, 9.36, 9.36, 9.36, 9.36]",118889,13AUG2012:00:00:00,38.431989265,-74.16214976,"[2.0, 10.0, 13.0, 22.0, 29.0, 31.0, 32.0, 35.0, 45.0, 57.0]","[26.23, 25.6892, 24.8949, 16.09, 13.5043, 12.5072, 11.2397, 10.175, 9.33, 9.33]"
22,22,[HB1205],2012-08-09 18:57:35,39.0983,-73.5,"[1.0, 2.0, 3.0, 4.0, 5.0, 6.0, 7.0, 8.0, 9.0, 10.0, 11.0, 12.0, 13.0, 14.0, 15.0, 16.0, 17.0, 18.0, 19.0, 20.0, 21.0, 22.0, 23.0, 24.0, 25.0, 26.0, 27.0, 28.0, 29.0, 30.0, 31.0, 32.0, 33.0, 34.0, 35.0, 36.0, 37.0, 38.0, 39.0, 40.0, 41.0, 42.0, 43.0, 44.0, 45.0, 46.0, 47.0, 48.0, 49.0, 50.0, 51.0]","[27.09, 26.74, 26.38, 26.31, 26.26, 26.22, 26.14, 26.04, 25.9, 25.63, 25.17, 24.67, 23.5, 22.14, 20.79, 19.46, 18.91, 18.09, 16.91, 16.24, 15.0, 13.73, 13.03, 12.43, 11.48, 10.96, 10.57, 10.35, 10.28, 10.16, 9.86, 9.54, 9.47, 9.37, 9.14, 8.82, 8.73, 8.72, 8.72, 8.72, 8.72, 8.72, 8.72, 8.72, 8.72, 8.72, 8.72, 8.72, 8.72, 8.72, 8.72]",118942,09AUG2012:12:00:00,39.056215746,-73.5565255,"[2.0, 8.0, 13.0, 16.0, 17.0, 18.0, 19.0, 25.0, 32.0, 55.0]","[26.02, 25.417, 24.1775, 20.8945, 18.65, 18.1978, 16.4893, 11.6318, 10.1075, 9.27]"
23,23,[HB1205],2012-08-09 18:57:35,39.0983,-73.5,"[1.0, 2.0, 3.0, 4.0, 5.0, 6.0, 7.0, 8.0, 9.0, 10.0, 11.0, 12.0, 13.0, 14.0, 15.0, 16.0, 17.0, 18.0, 19.0, 20.0, 21.0, 22.0, 23.0, 24.0, 25.0, 26.0, 27.0, 28.0, 29.0, 30.0, 31.0, 32.0, 33.0, 34.0, 35.0, 36.0, 37.0, 38.0, 39.0, 40.0, 41.0, 42.0, 43.0, 44.0, 45.0, 46.0, 47.0, 48.0, 49.0, 50.0, 51.0]","[27.09, 26.74, 26.38, 26.31, 26.26, 26.22, 26.14, 26.04, 25.9, 25.63, 25.17, 24.67, 23.5, 22.14, 20.79, 19.46, 18.91, 18.09, 16.91, 16.24, 15.0, 13.73, 13.03, 12.43, 11.48, 10.96, 10.57, 10.35, 10.28, 10.16, 9.86, 9.54, 9.47, 9.37, 9.14, 8.82, 8.73, 8.72, 8.72, 8.72, 8.72, 8.72, 8.72, 8.72, 8.72, 8.72, 8.72, 8.72, 8.72, 8.72, 8.72]",118942,10AUG2012:20:00:00,39.103468867,-73.5190439,"[2.0, 11.0, 19.0, 20.0, 22.0, 23.0, 24.0, 27.0, 36.0, 56.0]","[25.71, 24.3781, 15.594, 15.594, 13.7394, 13.672, 12.2726, 10.9575, 9.3727, 8.85]"
24,24,[HB1205],2012-08-09 18:57:35,39.0983,-73.5,"[1.0, 2.0, 3.0, 4.0, 5.0, 6.0, 7.0, 8.0, 9.0, 10.0, 11.0, 12.0, 13.0, 14.0, 15.0, 16.0, 17.0, 18.0, 19.0, 20.0, 21.0, 22.0, 23.0, 24.0, 25.0, 26.0, 27.0, 28.0, 29.0, 30.0, 31.0, 32.0, 33.0, 34.0, 35.0, 36.0, 37.0, 38.0, 39.0, 40.0, 41.0, 42.0, 43.0, 44.0, 45.0, 46.0, 47.0, 48.0, 49.0, 50.0, 51.0]","[27.09, 26.74, 26.38, 26.31, 26.26, 26.22, 26.14, 26.04, 25.9, 25.63, 25.17, 24.67, 23.5, 22.14, 20.79, 19.46, 18.91, 18.09, 16.91, 16.24, 15.0, 13.73, 13.03, 12.43, 11.48, 10.96, 10.57, 10.35, 10.28, 10.16, 9.86, 9.54, 9.47, 9.37, 9.14, 8.82, 8.73, 8.72, 8.72, 8.72, 8.72, 8.72, 8.72, 8.72, 8.72, 8.72, 8.72, 8.72, 8.72, 8.72, 8.72]",118942,12AUG2012:00:00:00,39.109701733,-73.48381836,"[2.0, 10.0, 15.0, 18.0, 20.0, 21.0, 24.0, 31.0, 40.0, 55.0]","[25.84, 25.7728, 23.9931, 21.8776, 19.124, 18.8554, 14.3053, 10.9473, 9.1675, 9.05]"
25,25,[HB1205],2012-08-09 18:57:35,39.0983,-73.5,"[1.0, 2.0, 3.0, 4.0, 5.0, 6.0, 7.0, 8.0, 9.0, 10.0, 11.0, 12.0, 13.0, 14.0, 15.0, 16.0, 17.0, 18.0, 19.0, 20.0, 21.0, 22.0, 23.0, 24.0, 25.0, 26.0, 27.0, 28.0, 29.0, 30.0, 31.0, 32.0, 33.0, 34.0, 35.0, 36.0, 37.0, 38.0, 39.0, 40.0, 41.0, 42.0, 43.0, 44.0, 45.0, 46.0, 47.0, 48.0, 49.0, 50.0, 51.0]","[27.09, 26.74, 26.38, 26.31, 26.26, 26.22, 26.14, 26.04, 25.9, 25.63, 25.17, 24.67, 23.5, 22.14, 20.79, 19.46, 18.91, 18.09, 16.91, 16.24, 15.0, 13.73, 13.03, 12.43, 11.48, 10.96, 10.57, 10.35, 10.28, 10.16, 9.86, 9.54, 9.47, 9.37, 9.14, 8.82, 8.73, 8.72, 8.72, 8.72, 8.72, 8.72, 8.72, 8.72, 8.72, 8.72, 8.72, 8.72, 8.72, 8.72, 8.72]",118898,07AUG2012:12:00:00,39.077348177,-73.48908105,"[2.0, 10.0, 14.0, 16.0, 17.0, 18.0, 22.0, 25.0, 34.0, 54.0]","[25.77, 24.9646, 23.3201, 21.7428, 19.5782, 18.7224, 12.7991, 11.7419, 9.829, 8.99]"
26,26,[HB1205],2012-08-09 18:57:35,39.0983,-73.5,"[1.0, 2.0, 3.0, 4.0, 5.0, 6.0, 7.0, 8.0, 9.0, 10.0, 11.0, 12.0, 13.0, 14.0, 15.0, 16.0, 17.0, 18.0, 19.0, 20.0, 21.0, 22.0, 23.0, 24.0, 25.0, 26.0, 27.0, 28.0, 29.0, 30.0, 31.0, 32.0, 33.0, 34.0, 35.0, 36.0, 37.0, 38.0, 39.0, 40.0, 41.0, 42.0, 43.0, 44.0, 45.0, 46.0, 47.0, 48.0, 49.0, 50.0, 51.0]","[27.09, 26.74, 26.38, 26.31, 26.26, 26.22, 26.14, 26.04, 25.9, 25.63, 25.17, 24.67, 23.5, 22.14, 20.79, 19.46, 18.91, 18.09, 16.91, 16.24, 15.0, 13.73, 13.03, 12.43, 11.48, 10.96, 10.57, 10.35, 10.28, 10.16, 9.86, 9.54, 9.47, 9.37, 9.14, 8.82, 8.73, 8.72, 8.72, 8.72, 8.72, 8.72, 8.72, 8.72, 8.72, 8.72, 8.72, 8.72, 8.72, 8.72, 8.72]",118898,07AUG2012:16:00:00,39.065047792,-73.54711815,"[2.0, 8.0, 12.0, 14.0, 15.0, 16.0, 21.0, 25.0, 33.0, 55.0]","[25.6, 25.0704, 24.1602, 22.8031, 20.9826, 20.0723, 14.0316, 11.6318, 9.6955, 9.05]"
27,27,[HB1205],2012-08-09 18:57:35,39.0983,-73.5,"[1.0, 2.0, 3.0, 4.0, 5.0, 6.0, 7.0, 8.0, 9.0, 10.0, 11.0, 12.0, 13.0, 14.0, 15.0, 16.0, 17.0, 18.0, 19.0, 20.0, 21.0, 22.0, 23.0, 24.0, 25.0, 26.0, 27.0, 28.0, 29.0, 30.0, 31.0, 32.0, 33.0, 34.0, 35.0, 36.0, 37.0, 38.0, 39.0, 40.0, 41.0, 42.0, 43.0, 44.0, 45.0, 46.0, 47.0, 48.0, 49.0, 50.0, 51.0]","[27.09, 26.74, 26.38, 26.31, 26.26, 26.22, 26.14, 26.04, 25.9, 25.63, 25.17, 24.67, 23.5, 22.14, 20.79, 19.46, 18.91, 18.09, 16.91, 16.24, 15.0, 13.73, 13.03, 12.43, 11.48, 10.96, 10.57, 10.35, 10.28, 10.16, 9.86, 9.54, 9.47, 9.37, 9.14, 8.82, 8.73, 8.72, 8.72, 8.72, 8.72, 8.72, 8.72, 8.72, 8.72, 8.72, 8.72, 8.72, 8.72, 8.72, 8.72]",118898,08AUG2012:08:00:00,39.063321705,-73.47824291,"[2.0, 3.0, 4.0, 5.0, 6.0, 6.0, 6.0, 6.0, 6.0, 6.0]","[25.99, 25.9799, 25.96, 25.9157, 25.84, 25.84, 25.84, 25.84, 25.84, 25.84]"
28,28,[HB1205],2012-08-09 18:57:35,39.0983,-73.5,"[1.0, 2.0, 3.0, 4.0, 5.0, 6.0, 7.0, 8.0, 9.0, 10.0, 11.0, 12.0, 13.0, 14.0, 15.0, 16.0, 17.0, 18.0, 19.0, 20.0, 21.0, 22.0, 23.0, 24.0, 25.0, 26.0, 27.0, 28.0, 29.0, 30.0, 31.0, 32.0, 33.0, 34.0, 35.0, 36.0, 37.0, 38.0, 39.0, 40.0, 41.0, 42.0, 43.0, 44.0, 45.0, 46.0, 47.0, 48.0, 49.0, 50.0, 51.0]","[27.09, 26.74, 26.38, 26.31, 26.26, 26.22, 26.14, 26.04, 25.9, 25.63, 25.17, 24.67, 23.5, 22.14, 20.79, 19.46, 18.91, 18.09, 16.91, 16.24, 15.0, 13.73, 13.03, 12.43, 11.48, 10.96, 10.57, 10.35, 10.28, 10.16, 9.86, 9.54, 9.47, 9.37, 9.14, 8.82, 8.73, 8.72, 8.72, 8.72, 8.72, 8.72, 8.72, 8.72, 8.72, 8.72, 8.72, 8.72, 8.72, 8.72, 8.72]",118898,10AUG2012:04:00:00,39.068157594,-73.56259898,"[2.0, 3.0, 4.0, 5.0, 6.0, 7.0, 8.0, 9.0, 10.0, 10.0]","[26.35, 26.3415, 26.3159, 26.2747, 26.2215, 26.1377, 26.0518, 25.8537, 25.662, 25.64]"
29,29,[HB1206],2012-09-08 06:06:00,38.0,-74.3433,"[1.0, 2.0, 3.0, 4.0, 5.0, 6.0, 7.0, 8.0, 9.0, 10.0, 11.0, 12.0, 13.0, 14.0, 15.0, 16.0, 17.0, 18.0, 19.0, 20.0, 21.0, 22.0, 23.0, 24.0, 25.0, 26.0, 27.0, 28.0, 29.0, 30.0, 31.0, 32.0, 33.0, 34.0, 35.0, 36.0, 37.0, 38.0, 39.0, 40.0, 41.0, 42.0, 43.0, 44.0, 45.0, 46.0, 47.0, 48.0, 49.0, 50.0, 51.0, 52.0, 53.0]","[26.09, 26.07, 26.09, 26.09, 26.1, 26.09, 26.07, 26.08, 26.02, 25.94, 25.76, 25.6, 24.7, 23.63, 22.34, 20.91, 19.2, 17.63, 16.9, 16.0, 15.12, 13.99, 13.18, 12.83, 12.72, 12.63, 12.41, 12.17, 11.97, 11.75, 11.56, 11.35, 11.3, 11.24, 11.15, 11.08, 11.04, 10.96, 10.94, 10.94, 10.82, 10.67, 10.5, 10.45, 10.43, 10.44, 10.49, 10.7, 10.88, 10.92, 10.93, 10.93, 10.93]",118945,06SEP2012:00:00:00,38.03274562,-74.44328246,"[2.0, 10.0, 17.0, 20.0, 21.0, 22.0, 24.0, 26.0, 39.0, 52.0]","[26.01, 25.585, 22.1998, 17.3119, 16.2948, 14.2759, 12.6668, 12.014, 10.9363, 10.83]"
30,30,[HB1206],2012-09-08 06:06:00,38.0,-74.3433,"[1.0, 2.0, 3.0, 4.0, 5.0, 6.0, 7.0, 8.0, 9.0, 10.0, 11.0, 12.0, 13.0, 14.0, 15.0, 16.0, 17.0, 18.0, 19.0, 20.0, 21.0, 22.0, 23.0, 24.0, 25.0, 26.0, 27.0, 28.0, 29.0, 30.0, 31.0, 32.0, 33.0, 34.0, 35.0, 36.0, 37.0, 38.0, 39.0, 40.0, 41.0, 42.0, 43.0, 44.0, 45.0, 46.0, 47.0, 48.0, 49.0, 50.0, 51.0, 52.0, 53.0]","[26.09, 26.07, 26.09, 26.09, 26.1, 26.09, 26.07, 26.08, 26.02, 25.94, 25.76, 25.6, 24.7, 23.63, 22.34, 20.91, 19.2, 17.63, 16.9, 16.0, 15.12, 13.99, 13.18, 12.83, 12.72, 12.63, 12.41, 12.17, 11.97, 11.75, 11.56, 11.35, 11.3, 11.24, 11.15, 11.08, 11.04, 10.96, 10.94, 10.94, 10.82, 10.67, 10.5, 10.45, 10.43, 10.44, 10.49, 10.7, 10.88, 10.92, 10.93, 10.93, 10.93]",118949,08SEP2012:04:00:00,38.070071783,-74.40192885,"[2.0, 3.0, 4.0, 5.0, 6.0, 7.0, 9.0, 10.0, 10.0, 10.0]","[26.14, 26.1037, 26.0243, 26.001, 25.9484, 25.92, 25.92, 25.9354, 25.9354, 25.9354]"
31,31,[HB1206],2012-09-08 06:06:00,38.0,-74.3433,"[1.0, 2.0, 3.0, 4.0, 5.0, 6.0, 7.0, 8.0, 9.0, 10.0, 11.0, 12.0, 13.0, 14.0, 15.0, 16.0, 17.0, 18.0, 19.0, 20.0, 21.0, 22.0, 23.0, 24.0, 25.0, 26.0, 27.0, 28.0, 29.0, 30.0, 31.0, 32.0, 33.0, 34.0, 35.0, 36.0, 37.0, 38.0, 39.0, 40.0, 41.0, 42.0, 43.0, 44.0, 45.0, 46.0, 47.0, 48.0, 49.0, 50.0, 51.0, 52.0, 53.0]","[26.09, 26.07, 26.09, 26.09, 26.1, 26.09, 26.07, 26.08, 26.02, 25.94, 25.76, 25.6, 24.7, 23.63, 22.34, 20.91, 19.2, 17.63, 16.9, 16.0, 15.12, 13.99, 13.18, 12.83, 12.72, 12.63, 12.41, 12.17, 11.97, 11.75, 11.56, 11.35, 11.3, 11.24, 11.15, 11.08, 11.04, 10.96, 10.94, 10.94, 10.82, 10.67, 10.5, 10.45, 10.43, 10.44, 10.49, 10.7, 10.88, 10.92, 10.93, 10.93, 10.93]",118949,10SEP2012:00:00:00,38.032563875,-74.42712508,"[2.0, 11.0, 15.0, 16.0, 17.0, 20.0, 24.0, 26.0, 28.0, 45.0]","[25.51, 25.1714, 21.1923, 18.4268, 18.3139, 14.7723, 12.8251, 12.6699, 11.7245, 11.4]"
32,32,[HB1206],2012-09-08 06:06:00,38.0,-74.3433,"[1.0, 2.0, 3.0, 4.0, 5.0, 6.0, 7.0, 8.0, 9.0, 10.0, 11.0, 12.0, 13.0, 14.0, 15.0, 16.0, 17.0, 18.0, 19.0, 20.0, 21.0, 22.0, 23.0, 24.0, 25.0, 26.0, 27.0, 28.0, 29.0, 30.0, 31.0, 32.0, 33.0, 34.0, 35.0, 36.0, 37.0, 38.0, 39.0, 40.0, 41.0, 42.0, 43.0, 44.0, 45.0, 46.0, 47.0, 48.0, 49.0, 50.0, 51.0, 52.0, 53.0]","[26.09, 26.07, 26.09, 26.09, 26.1, 26.09, 26.07, 26.08, 26.02, 25.94, 25.76, 25.6, 24.7, 23.63, 22.34, 20.91, 19.2, 17.63, 16.9, 16.0, 15.12, 13.99, 13.18, 12.83, 12.72, 12.63, 12.41, 12.17, 11.97, 11.75, 11.56, 11.35, 11.3, 11.24, 11.15, 11.08, 11.04, 10.96, 10.94, 10.94, 10.82, 10.67, 10.5, 10.45, 10.43, 10.44, 10.49, 10.7, 10.88, 10.92, 10.93, 10.93, 10.93]",118895,07SEP2012:16:00:00,38.046039707,-74.37393656,"[2.0, 9.0, 15.0, 17.0, 18.0, 20.0, 22.0, 27.0, 36.0, 48.0]","[25.8, 25.6806, 23.8007, 21.1151, 20.6377, 16.9524, 14.8487, 12.4466, 11.2232, 10.88]"
33,33,[HB1206],2012-09-08 06:06:00,38.0,-74.3433,"[1.0, 2.0, 3.0, 4.0, 5.0, 6.0, 7.0, 8.0, 9.0, 10.0, 11.0, 12.0, 13.0, 14.0, 15.0, 16.0, 17.0, 18.0, 19.0, 20.0, 21.0, 22.0, 23.0, 24.0, 25.0, 26.0, 27.0, 28.0, 29.0, 30.0, 31.0, 32.0, 33.0, 34.0, 35.0, 36.0, 37.0, 38.0, 39.0, 40.0, 41.0, 42.0, 43.0, 44.0, 45.0, 46.0, 47.0, 48.0, 49.0, 50.0, 51.0, 52.0, 53.0]","[26.09, 26.07, 26.09, 26.09, 26.1, 26.09, 26.07, 26.08, 26.02, 25.94, 25.76, 25.6, 24.7, 23.63, 22.34, 20.91, 19.2, 17.63, 16.9, 16.0, 15.12, 13.99, 13.18, 12.83, 12.72, 12.63, 12.41, 12.17, 11.97, 11.75, 11.56, 11.35, 11.3, 11.24, 11.15, 11.08, 11.04, 10.96, 10.94, 10.94, 10.82, 10.67, 10.5, 10.45, 10.43, 10.44, 10.49, 10.7, 10.88, 10.92, 10.93, 10.93, 10.93]",118895,08SEP2012:16:00:00,38.042654541,-74.35411746,"[2.0, 12.0, 16.0, 18.0, 19.0, 20.0, 24.0, 31.0, 38.0, 49.0]","[26.17, 25.0681, 23.423, 22.1503, 20.1948, 20.0086, 15.5698, 11.7364, 10.65, 10.7586]"
34,34,[HB1205],2012-08-09 20:02:23,38.94,-73.7183,"[1.0, 2.0, 3.0, 4.0, 5.0, 6.0, 7.0, 8.0, 9.0, 10.0, 11.0, 12.0, 13.0, 14.0, 15.0, 16.0, 17.0, 18.0, 19.0, 20.0, 21.0, 22.0, 23.0, 24.0, 25.0, 26.0, 27.0, 28.0, 29.0, 30.0, 31.0, 32.0, 33.0, 34.0, 35.0, 36.0, 37.0, 38.0, 39.0, 40.0, 41.0, 42.0, 43.0, 44.0, 45.0, 46.0, 47.0]","[26.92, 26.76, 26.64, 26.41, 26.18, 26.14, 26.11, 26.08, 26.07, 26.04, 25.98, 25.86, 25.77, 25.63, 24.95, 24.49, 23.24, 21.89, 20.31, 18.4, 17.16, 16.29, 15.11, 13.32, 12.4, 11.95, 11.43, 10.86, 10.62, 10.43, 10.39, 10.36, 10.32, 10.29, 10.23, 10.16, 10.12, 10.1, 10.0, 9.78, 9.55, 9.37, 9.14, 9.06, 9.06, 9.06, 9.07]",118941,09AUG2012:20:00:00,38.877777949,-73.64203793,"[2.0, 5.0, 14.0, 19.0, 24.0, 25.0, 27.0, 32.0, 39.0, 49.0]","[26.73, 25.357, 24.0709, 21.6029, 16.6322, 16.4237, 13.9731, 11.8006, 10.0973, 9.35]"
35,35,[HB1205],2012-08-09 20:02:23,38.94,-73.7183,"[1.0, 2.0, 3.0, 4.0, 5.0, 6.0, 7.0, 8.0, 9.0, 10.0, 11.0, 12.0, 13.0, 14.0, 15.0, 16.0, 17.0, 18.0, 19.0, 20.0, 21.0, 22.0, 23.0, 24.0, 25.0, 26.0, 27.0, 28.0, 29.0, 30.0, 31.0, 32.0, 33.0, 34.0, 35.0, 36.0, 37.0, 38.0, 39.0, 40.0, 41.0, 42.0, 43.0, 44.0, 45.0, 46.0, 47.0]","[26.92, 26.76, 26.64, 26.41, 26.18, 26.14, 26.11, 26.08, 26.07, 26.04, 25.98, 25.86, 25.77, 25.63, 24.95, 24.49, 23.24, 21.89, 20.31, 18.4, 17.16, 16.29, 15.11, 13.32, 12.4, 11.95, 11.43, 10.86, 10.62, 10.43, 10.39, 10.36, 10.32, 10.29, 10.23, 10.16, 10.12, 10.1, 10.0, 9.78, 9.55, 9.37, 9.14, 9.06, 9.06, 9.06, 9.07]",118941,10AUG2012:08:00:00,38.89211039,-73.64922767,"[2.0, 3.0, 6.0, 7.0, 8.0, 10.0, 11.0, 12.0, 13.0, 13.0]","[25.9166, 25.9266, 25.93, 25.9132, 25.7385, 25.557, 25.5478, 25.4588, 25.2513, 25.09]"
36,36,[HB1205],2012-08-09 20:08:24,38.9083,-73.6483,"[1.0, 2.0, 3.0, 4.0, 5.0, 6.0, 7.0, 8.0, 9.0, 10.0, 11.0, 12.0, 13.0, 14.0, 15.0, 16.0, 17.0, 18.0, 19.0, 20.0, 21.0, 22.0, 23.0, 24.0, 25.0, 26.0, 27.0, 28.0, 29.0, 30.0, 31.0, 32.0, 33.0, 34.0, 35.0, 36.0, 37.0, 38.0, 39.0]","[26.96, 26.92, 26.69, 26.29, 26.22, 26.17, 26.03, 25.72, 25.55, 25.29, 25.09, 24.92, 24.82, 24.7, 24.51, 24.11, 22.95, 21.14, 19.11, 16.14, 13.82, 12.78, 12.34, 12.13, 11.91, 11.66, 11.52, 11.32, 11.18, 10.94, 10.85, 10.84, 10.92, 10.71, 9.65, 9.23, 9.13, 9.11, 9.1]",118941,09AUG2012:20:00:00,38.877777949,-73.64203793,"[2.0, 5.0, 14.0, 19.0, 24.0, 25.0, 27.0, 32.0, 39.0, 49.0]","[26.73, 25.357, 24.0709, 21.6029, 16.6322, 16.4237, 13.9731, 11.8006, 10.0973, 9.35]"
37,37,[HB1205],2012-08-09 20:08:24,38.9083,-73.6483,"[1.0, 2.0, 3.0, 4.0, 5.0, 6.0, 7.0, 8.0, 9.0, 10.0, 11.0, 12.0, 13.0, 14.0, 15.0, 16.0, 17.0, 18.0, 19.0, 20.0, 21.0, 22.0, 23.0, 24.0, 25.0, 26.0, 27.0, 28.0, 29.0, 30.0, 31.0, 32.0, 33.0, 34.0, 35.0, 36.0, 37.0, 38.0, 39.0]","[26.96, 26.92, 26.69, 26.29, 26.22, 26.17, 26.03, 25.72, 25.55, 25.29, 25.09, 24.92, 24.82, 24.7, 24.51, 24.11, 22.95, 21.14, 19.11, 16.14, 13.82, 12.78, 12.34, 12.13, 11.91, 11.66, 11.52, 11.32, 11.18, 10.94, 10.85, 10.84, 10.92, 10.71, 9.65, 9.23, 9.13, 9.11, 9.1]",118941,10AUG2012:08:00:00,38.89211039,-73.64922767,"[2.0, 3.0, 6.0, 7.0, 8.0, 10.0, 11.0, 12.0, 13.0, 13.0]","[25.9166, 25.9266, 25.93, 25.9132, 25.7385, 25.557, 25.5478, 25.4588, 25.2513, 25.09]"
38,38,[HB1205],2012-08-09 20:08:24,38.9083,-73.6483,"[1.0, 2.0, 3.0, 4.0, 5.0, 6.0, 7.0, 8.0, 9.0, 10.0, 11.0, 12.0, 13.0, 14.0, 15.0, 16.0, 17.0, 18.0, 19.0, 20.0, 21.0, 22.0, 23.0, 24.0, 25.0, 26.0, 27.0, 28.0, 29.0, 30.0, 31.0, 32.0, 33.0, 34.0, 35.0, 36.0, 37.0, 38.0, 39.0]","[26.96, 26.92, 26.69, 26.29, 26.22, 26.17, 26.03, 25.72, 25.55, 25.29, 25.09, 24.92, 24.82, 24.7, 24.51, 24.11, 22.95, 21.14, 19.11, 16.14, 13.82, 12.78, 12.34, 12.13, 11.91, 11.66, 11.52, 11.32, 11.18, 10.94, 10.85, 10.84, 10.92, 10.71, 9.65, 9.23, 9.13, 9.11, 9.1]",118886,10AUG2012:12:00:00,38.838772339,-73.71240547,"[2.0, 13.0, 17.0, 19.0, 24.0, 27.0, 32.0, 33.0, 35.0, 52.0]","[26.01, 25.284, 23.865, 22.314, 16.5555, 14.295, 11.9685, 10.995, 10.0875, 9.51]"
39,39,[HB1205],2012-08-09 20:08:24,38.9083,-73.6483,"[1.0, 2.0, 3.0, 4.0, 5.0, 6.0, 7.0, 8.0, 9.0, 10.0, 11.0, 12.0, 13.0, 14.0, 15.0, 16.0, 17.0, 18.0, 19.0, 20.0, 21.0, 22.0, 23.0, 24.0, 25.0, 26.0, 27.0, 28.0, 29.0, 30.0, 31.0, 32.0, 33.0, 34.0, 35.0, 36.0, 37.0, 38.0, 39.0]","[26.96, 26.92, 26.69, 26.29, 26.22, 26.17, 26.03, 25.72, 25.55, 25.29, 25.09, 24.92, 24.82, 24.7, 24.51, 24.11, 22.95, 21.14, 19.11, 16.14, 13.82, 12.78, 12.34, 12.13, 11.91, 11.66, 11.52, 11.32, 11.18, 10.94, 10.85, 10.84, 10.92, 10.71, 9.65, 9.23, 9.13, 9.11, 9.1]",118891,07AUG2012:16:00:00,38.84286836,-73.6856499,"[2.0, 11.0, 14.0, 16.0, 20.0, 21.0, 24.0, 30.0, 38.0, 55.0]","[25.94, 25.0298, 23.6561, 22.4314, 17.9464, 17.5657, 14.5702, 10.8795, 9.8369, 9.39]"
40,40,[HB1205],2012-08-09 20:08:24,38.9083,-73.6483,"[1.0, 2.0, 3.0, 4.0, 5.0, 6.0, 7.0, 8.0, 9.0, 10.0, 11.0, 12.0, 13.0, 14.0, 15.0, 16.0, 17.0, 18.0, 19.0, 20.0, 21.0, 22.0, 23.0, 24.0, 25.0, 26.0, 27.0, 28.0, 29.0, 30.0, 31.0, 32.0, 33.0, 34.0, 35.0, 36.0, 37.0, 38.0, 39.0]","[26.96, 26.92, 26.69, 26.29, 26.22, 26.17, 26.03, 25.72, 25.55, 25.29, 25.09, 24.92, 24.82, 24.7, 24.51, 24.11, 22.95, 21.14, 19.11, 16.14, 13.82, 12.78, 12.34, 12.13, 11.91, 11.66, 11.52, 11.32, 11.18, 10.94, 10.85, 10.84, 10.92, 10.71, 9.65, 9.23, 9.13, 9.11, 9.1]",118891,08AUG2012:04:00:00,38.869152438,-73.62049237,"[2.0, 3.0, 4.0, 5.0, 6.0, 7.0, 8.0, 8.0, 8.0, 8.0]","[26.46, 26.4532, 26.4359, 26.4146, 26.3758, 26.3279, 26.29, 26.29, 26.29, 26.29]"
41,41,[HB1205],2012-08-09 20:08:24,38.9083,-73.6483,"[1.0, 2.0, 3.0, 4.0, 5.0, 6.0, 7.0, 8.0, 9.0, 10.0, 11.0, 12.0, 13.0, 14.0, 15.0, 16.0, 17.0, 18.0, 19.0, 20.0, 21.0, 22.0, 23.0, 24.0, 25.0, 26.0, 27.0, 28.0, 29.0, 30.0, 31.0, 32.0, 33.0, 34.0, 35.0, 36.0, 37.0, 38.0, 39.0]","[26.96, 26.92, 26.69, 26.29, 26.22, 26.17, 26.03, 25.72, 25.55, 25.29, 25.09, 24.92, 24.82, 24.7, 24.51, 24.11, 22.95, 21.14, 19.11, 16.14, 13.82, 12.78, 12.34, 12.13, 11.91, 11.66, 11.52, 11.32, 11.18, 10.94, 10.85, 10.84, 10.92, 10.71, 9.65, 9.23, 9.13, 9.11, 9.1]",118885,07AUG2012:08:00:00,38.852669321,-73.64622047,"[2.0, 5.0, 6.0, 7.0, 8.0, 9.0, 10.0, 10.0, 10.0, 10.0]","[26.24, 26.24, 26.2152, 26.1788, 26.1382, 26.1047, 26.09, 26.09, 26.09, 26.09]"
42,42,[HB1205],2012-08-09 20:08:24,38.9083,-73.6483,"[1.0, 2.0, 3.0, 4.0, 5.0, 6.0, 7.0, 8.0, 9.0, 10.0, 11.0, 12.0, 13.0, 14.0, 15.0, 16.0, 17.0, 18.0, 19.0, 20.0, 21.0, 22.0, 23.0, 24.0, 25.0, 26.0, 27.0, 28.0, 29.0, 30.0, 31.0, 32.0, 33.0, 34.0, 35.0, 36.0, 37.0, 38.0, 39.0]","[26.96, 26.92, 26.69, 26.29, 26.22, 26.17, 26.03, 25.72, 25.55, 25.29, 25.09, 24.92, 24.82, 24.7, 24.51, 24.11, 22.95, 21.14, 19.11, 16.14, 13.82, 12.78, 12.34, 12.13, 11.91, 11.66, 11.52, 11.32, 11.18, 10.94, 10.85, 10.84, 10.92, 10.71, 9.65, 9.23, 9.13, 9.11, 9.1]",118885,08AUG2012:00:00:00,38.886634505,-73.58742146,"[2.0, 16.0, 27.0, 31.0, 33.0, 34.0, 36.0, 38.0, 39.0, 47.0]","[26.25, 26.1143, 15.8705, 13.937, 10.2058, 11.6135, 9.29, 10.0193, 9.29, 9.3409]"
43,43,[HB1206],2012-09-28 07:44:24,38.7883,-73.3867,"[1.0, 2.0, 3.0, 4.0, 5.0, 6.0, 7.0, 8.0, 9.0, 10.0, 11.0, 12.0, 13.0, 14.0, 15.0, 16.0, 17.0, 18.0, 19.0, 20.0, 21.0, 22.0, 23.0, 24.0, 25.0, 26.0, 27.0, 28.0, 29.0, 30.0, 31.0, 32.0, 33.0, 34.0, 35.0, 36.0, 37.0, 38.0, 39.0, 40.0, 41.0, 42.0, 43.0, 44.0, 45.0, 46.0, 47.0, 48.0, 49.0, 50.0, 51.0, 52.0, 53.0, 54.0, 55.0, 56.0, 57.0, 58.0, 59.0, 60.0, 61.0, 62.0, 63.0, 64.0, 65.0, 66.0, 67.0, 68.0, 69.0, 70.0, 71.0, 72.0]","[21.7, 21.69, 21.7, 21.66, 21.64, 21.62, 21.6, 21.6, 21.59, 21.59, 21.58, 21.57, 21.56, 21.54, 21.49, 21.44, 21.37, 21.29, 21.05, 20.49, 20.17, 20.08, 19.97, 19.83, 19.28, 17.62, 14.93, 13.94, 13.45, 12.73, 12.21, 12.05, 11.74, 11.56, 11.32, 10.99, 10.74, 10.36, 10.1, 9.83, 9.44, 9.21, 9.12, 8.97, 8.94, 8.78, 8.64, 8.62, 8.62, 8.6, 8.61, 8.62, 8.64, 8.71, 8.77, 8.75, 8.8, 8.83, 8.86, 8.94, 9.02, 9.07, 9.1, 9.55, 10.66, 11.14, 11.8, 12.11, 12.28, 12.28, 12.28, 12.27]",118940,25SEP2012:12:00:00,38.729082614,-73.46036726,"[2.0, 10.0, 14.0, 20.0, 24.0, 28.0, 30.0, 35.0, 54.0, 71.0]","[20.5381, 20.81, 20.0509, 16.1874, 14.2273, 13.2076, 12.0519, 11.2475, 9.48, 9.7406]"
44,44,[HB1206],2012-09-28 07:44:24,38.7883,-73.3867,"[1.0, 2.0, 3.0, 4.0, 5.0, 6.0, 7.0, 8.0, 9.0, 10.0, 11.0, 12.0, 13.0, 14.0, 15.0, 16.0, 17.0, 18.0, 19.0, 20.0, 21.0, 22.0, 23.0, 24.0, 25.0, 26.0, 27.0, 28.0, 29.0, 30.0, 31.0, 32.0, 33.0, 34.0, 35.0, 36.0, 37.0, 38.0, 39.0, 40.0, 41.0, 42.0, 43.0, 44.0, 45.0, 46.0, 47.0, 48.0, 49.0, 50.0, 51.0, 52.0, 53.0, 54.0, 55.0, 56.0, 57.0, 58.0, 59.0, 60.0, 61.0, 62.0, 63.0, 64.0, 65.0, 66.0, 67.0, 68.0, 69.0, 70.0, 71.0, 72.0]","[21.7, 21.69, 21.7, 21.66, 21.64, 21.62, 21.6, 21.6, 21.59, 21.59, 21.58, 21.57, 21.56, 21.54, 21.49, 21.44, 21.37, 21.29, 21.05, 20.49, 20.17, 20.08, 19.97, 19.83, 19.28, 17.62, 14.93, 13.94, 13.45, 12.73, 12.21, 12.05, 11.74, 11.56, 11.32, 10.99, 10.74, 10.36, 10.1, 9.83, 9.44, 9.21, 9.12, 8.97, 8.94, 8.78, 8.64, 8.62, 8.62, 8.6, 8.61, 8.62, 8.64, 8.71, 8.77, 8.75, 8.8, 8.83, 8.86, 8.94, 9.02, 9.07, 9.1, 9.55, 10.66, 11.14, 11.8, 12.11, 12.28, 12.28, 12.28, 12.27]",118940,25SEP2012:16:00:00,38.739465338,-73.45266788,"[2.0, 11.0, 14.0, 17.0, 21.0, 27.0, 29.0, 47.0, 67.0, 75.0]","[20.33, 20.0212, 19.238, 16.3923, 13.712, 11.3295, 11.0207, 9.3331, 9.3, 10.3368]"
45,45,[HB1206],2012-09-28 07:44:24,38.7883,-73.3867,"[1.0, 2.0, 3.0, 4.0, 5.0, 6.0, 7.0, 8.0, 9.0, 10.0, 11.0, 12.0, 13.0, 14.0, 15.0, 16.0, 17.0, 18.0, 19.0, 20.0, 21.0, 22.0, 23.0, 24.0, 25.0, 26.0, 27.0, 28.0, 29.0, 30.0, 31.0, 32.0, 33.0, 34.0, 35.0, 36.0, 37.0, 38.0, 39.0, 40.0, 41.0, 42.0, 43.0, 44.0, 45.0, 46.0, 47.0, 48.0, 49.0, 50.0, 51.0, 52.0, 53.0, 54.0, 55.0, 56.0, 57.0, 58.0, 59.0, 60.0, 61.0, 62.0, 63.0, 64.0, 65.0, 66.0, 67.0, 68.0, 69.0, 70.0, 71.0, 72.0]","[21.7, 21.69, 21.7, 21.66, 21.64, 21.62, 21.6, 21.6, 21.59, 21.59, 21.58, 21.57, 21.56, 21.54, 21.49, 21.44, 21.37, 21.29, 21.05, 20.49, 20.17, 20.08, 19.97, 19.83, 19.28, 17.62, 14.93, 13.94, 13.45, 12.73, 12.21, 12.05, 11.74, 11.56, 11.32, 10.99, 10.74, 10.36, 10.1, 9.83, 9.44, 9.21, 9.12, 8.97, 8.94, 8.78, 8.64, 8.62, 8.62, 8.6, 8.61, 8.62, 8.64, 8.71, 8.77, 8.75, 8.8, 8.83, 8.86, 8.94, 9.02, 9.07, 9.1, 9.55, 10.66, 11.14, 11.8, 12.11, 12.28, 12.28, 12.28, 12.27]",118940,27SEP2012:12:00:00,38.792381096,-73.4736049,"[2.0, 22.0, 25.0, 28.0, 33.0, 37.0, 38.0, 43.0, 51.0, 69.0]","[21.59, 20.8208, 19.4777, 16.1199, 13.2506, 12.579, 11.0528, 10.0393, 9.38, 9.7585]"
46,46,[HB1205],2012-08-12 12:42:00,38.3333,-74.6167,"[1.0, 2.0, 3.0, 4.0, 5.0, 6.0, 7.0, 8.0, 9.0, 10.0, 11.0, 12.0, 13.0, 14.0, 15.0, 16.0, 17.0, 18.0, 19.0, 20.0, 21.0, 22.0, 23.0, 24.0, 25.0, 26.0, 27.0, 28.0, 29.0, 30.0, 31.0, 32.0, 33.0, 34.0, 35.0, 36.0]","[24.39, 24.39, 24.39, 24.4, 24.41, 24.4, 24.4, 24.4, 24.35, 24.1, 22.32, 21.01, 19.27, 17.12, 15.91, 15.43, 14.63, 13.33, 11.8, 11.4, 11.34, 11.34, 11.33, 11.33, 11.33, 11.33, 11.33, 11.32, 11.32, 11.32, 11.32, 11.32, 11.32, 11.32, 11.32, 11.32]",118952,14AUG2012:08:00:00,38.265235286,-74.57222412,"[2.0, 7.0, 8.0, 9.0, 10.0, 11.0, 16.0, 19.0, 27.0, 38.0]","[25.72, 25.6085, 25.0509, 22.709, 21.9423, 19.21, 14.6656, 12.8673, 11.78, 11.8776]"
47,47,[HB1205],2012-08-12 12:42:00,38.3333,-74.6167,"[1.0, 2.0, 3.0, 4.0, 5.0, 6.0, 7.0, 8.0, 9.0, 10.0, 11.0, 12.0, 13.0, 14.0, 15.0, 16.0, 17.0, 18.0, 19.0, 20.0, 21.0, 22.0, 23.0, 24.0, 25.0, 26.0, 27.0, 28.0, 29.0, 30.0, 31.0, 32.0, 33.0, 34.0, 35.0, 36.0]","[24.39, 24.39, 24.39, 24.4, 24.41, 24.4, 24.4, 24.4, 24.35, 24.1, 22.32, 21.01, 19.27, 17.12, 15.91, 15.43, 14.63, 13.33, 11.8, 11.4, 11.34, 11.34, 11.33, 11.33, 11.33, 11.33, 11.33, 11.32, 11.32, 11.32, 11.32, 11.32, 11.32, 11.32, 11.32, 11.32]",118952,14AUG2012:16:00:00,38.289742562,-74.56356763,"[2.0, 6.0, 8.0, 11.0, 13.0, 15.0, 19.0, 21.0, 26.0, 41.0]","[25.54, 24.9302, 23.96, 20.6474, 19.0674, 16.5587, 13.5788, 12.6502, 11.8325, 11.68]"
48,48,[HB1205],2012-08-12 12:08:24,38.3267,-74.6183,"[5.0, 6.0, 7.0, 8.0, 9.0, 10.0, 11.0, 12.0, 13.0, 14.0, 15.0, 16.0, 17.0, 18.0, 19.0, 20.0, 21.0, 22.0, 23.0, 24.0, 25.0, 26.0, 27.0, 28.0, 29.0, 30.0, 31.0, 32.0, 33.0, 34.0, 35.0, 36.0]","[24.39, 23.0, 22.54, 21.99, 22.72, 22.38, 21.23, 19.53, 17.49, 16.07, 15.39, 14.42, 13.19, 12.21, 11.56, 11.43, 11.43, 11.42, 11.41, 11.4, 11.4, 11.39, 11.38, 11.38, 11.38, 11.37, 11.38, 11.37, 11.37, 11.37, 11.37, 11.36]",118952,14AUG2012:08:00:00,38.265235286,-74.57222412,"[2.0, 7.0, 8.0, 9.0, 10.0, 11.0, 16.0, 19.0, 27.0, 38.0]","[25.72, 25.6085, 25.0509, 22.709, 21.9423, 19.21, 14.6656, 12.8673, 11.78, 11.8776]"
49,49,[HB1205],2012-08-12 12:08:24,38.3267,-74.6183,"[5.0, 6.0, 7.0, 8.0, 9.0, 10.0, 11.0, 12.0, 13.0, 14.0, 15.0, 16.0, 17.0, 18.0, 19.0, 20.0, 21.0, 22.0, 23.0, 24.0, 25.0, 26.0, 27.0, 28.0, 29.0, 30.0, 31.0, 32.0, 33.0, 34.0, 35.0, 36.0]","[24.39, 23.0, 22.54, 21.99, 22.72, 22.38, 21.23, 19.53, 17.49, 16.07, 15.39, 14.42, 13.19, 12.21, 11.56, 11.43, 11.43, 11.42, 11.41, 11.4, 11.4, 11.39, 11.38, 11.38, 11.38, 11.37, 11.38, 11.37, 11.37, 11.37, 11.37, 11.36]",118952,14AUG2012:16:00:00,38.289742562,-74.56356763,"[2.0, 6.0, 8.0, 11.0, 13.0, 15.0, 19.0, 21.0, 26.0, 41.0]","[25.54, 24.9302, 23.96, 20.6474, 19.0674, 16.5587, 13.5788, 12.6502, 11.8325, 11.68]"
50,50,[HB1206],2012-09-08 03:33:35,38.1483,-74.2133,"[1.0, 2.0, 3.0, 4.0, 5.0, 6.0, 7.0, 8.0, 9.0, 10.0, 11.0, 12.0, 13.0, 14.0, 15.0, 16.0, 17.0, 18.0, 19.0, 20.0, 21.0, 22.0, 23.0, 24.0, 25.0, 26.0, 27.0, 28.0, 29.0, 30.0, 31.0, 32.0, 33.0, 34.0, 35.0, 36.0, 37.0, 38.0, 39.0, 40.0, 41.0, 42.0, 43.0, 44.0, 45.0, 46.0]","[26.11, 26.11, 26.1, 26.09, 26.11, 26.07, 26.02, 25.99, 25.84, 25.72, 25.57, 25.46, 25.36, 25.3, 25.33, 24.46, 23.65, 22.48, 21.26, 19.86, 18.52, 15.15, 13.81, 13.12, 12.72, 12.17, 11.37, 11.32, 11.23, 11.12, 11.05, 10.92, 10.75, 10.66, 10.57, 10.45, 9.96, 9.79, 9.71, 9.67, 9.72, 9.93, 10.15, 10.18, 10.18, 10.18]",118952,07SEP2012:08:00:00,38.143616172,-74.31880054,"[2.0, 3.0, 4.0, 9.0, 10.0, 11.0, 11.0]","[25.89, 25.9235, 25.94, 25.94, 25.9376, 25.9376, 25.9353]"
51,51,[HB1206],2012-09-08 04:27:36,38.0717,-74.3,"[1.0, 2.0, 3.0, 4.0, 5.0, 6.0, 7.0, 8.0, 9.0, 10.0, 11.0, 12.0, 13.0, 14.0, 15.0, 16.0, 17.0, 18.0, 19.0, 20.0, 21.0, 22.0, 23.0, 24.0, 25.0, 26.0, 27.0, 28.0, 29.0, 30.0, 31.0, 32.0, 33.0, 34.0, 35.0, 36.0, 37.0, 38.0, 39.0, 40.0, 41.0, 42.0, 43.0, 44.0, 45.0, 46.0, 47.0, 48.0, 49.0]","[26.14, 26.14, 26.14, 26.14, 26.14, 26.11, 26.08, 26.02, 25.94, 25.93, 25.91, 25.9, 25.8, 25.51, 25.15, 24.9, 24.55, 24.16, 23.9, 23.36, 22.34, 21.51, 20.28, 18.65, 17.35, 15.91, 14.95, 13.96, 12.97, 12.54, 12.26, 11.82, 11.33, 11.07, 10.9, 10.8, 10.67, 10.47, 10.28, 9.96, 9.91, 9.96, 10.0, 10.07, 10.24, 10.42, 10.51, 10.59, 10.65]",118952,07SEP2012:08:00:00,38.143616172,-74.31880054,"[2.0, 3.0, 4.0, 9.0, 10.0, 11.0, 11.0]","[25.89, 25.9235, 25.94, 25.94, 25.9376, 25.9376, 25.9353]"
52,52,[HB1206],2012-09-08 04:27:36,38.0717,-74.3,"[1.0, 2.0, 3.0, 4.0, 5.0, 6.0, 7.0, 8.0, 9.0, 10.0, 11.0, 12.0, 13.0, 14.0, 15.0, 16.0, 17.0, 18.0, 19.0, 20.0, 21.0, 22.0, 23.0, 24.0, 25.0, 26.0, 27.0, 28.0, 29.0, 30.0, 31.0, 32.0, 33.0, 34.0, 35.0, 36.0, 37.0, 38.0, 39.0, 40.0, 41.0, 42.0, 43.0, 44.0, 45.0, 46.0, 47.0, 48.0, 49.0]","[26.14, 26.14, 26.14, 26.14, 26.14, 26.11, 26.08, 26.02, 25.94, 25.93, 25.91, 25.9, 25.8, 25.51, 25.15, 24.9, 24.55, 24.16, 23.9, 23.36, 22.34, 21.51, 20.28, 18.65, 17.35, 15.91, 14.95, 13.96, 12.97, 12.54, 12.26, 11.82, 11.33, 11.07, 10.9, 10.8, 10.67, 10.47, 10.28, 9.96, 9.91, 9.96, 10.0, 10.07, 10.24, 10.42, 10.51, 10.59, 10.65]",118952,07SEP2012:12:00:00,38.111663715,-74.34253384,"[2.0, 11.0, 14.0, 18.0, 19.0, 20.0, 25.0, 31.0, 32.0, 43.0]","[25.8, 24.9238, 22.1172, 17.4691, 16.89, 15.4198, 13.0438, 11.8707, 11.3509, 10.95]"
53,53,[HB1206],2012-09-08 04:27:36,38.0717,-74.3,"[1.0, 2.0, 3.0, 4.0, 5.0, 6.0, 7.0, 8.0, 9.0, 10.0, 11.0, 12.0, 13.0, 14.0, 15.0, 16.0, 17.0, 18.0, 19.0, 20.0, 21.0, 22.0, 23.0, 24.0, 25.0, 26.0, 27.0, 28.0, 29.0, 30.0, 31.0, 32.0, 33.0, 34.0, 35.0, 36.0, 37.0, 38.0, 39.0, 40.0, 41.0, 42.0, 43.0, 44.0, 45.0, 46.0, 47.0, 48.0, 49.0]","[26.14, 26.14, 26.14, 26.14, 26.14, 26.11, 26.08, 26.02, 25.94, 25.93, 25.91, 25.9, 25.8, 25.51, 25.15, 24.9, 24.55, 24.16, 23.9, 23.36, 22.34, 21.51, 20.28, 18.65, 17.35, 15.91, 14.95, 13.96, 12.97, 12.54, 12.26, 11.82, 11.33, 11.07, 10.9, 10.8, 10.67, 10.47, 10.28, 9.96, 9.91, 9.96, 10.0, 10.07, 10.24, 10.42, 10.51, 10.59, 10.65]",118952,07SEP2012:16:00:00,38.092034587,-74.38259053,"[2.0, 9.0, 11.0, 15.0, 20.0, 24.0, 27.0, 33.0, 35.0, 42.0]","[25.7, 25.4056, 24.8315, 21.9464, 16.2792, 13.1733, 12.1282, 11.7749, 11.083, 10.98]"
54,54,[HB1206],2012-09-08 04:27:36,38.0717,-74.3,"[1.0, 2.0, 3.0, 4.0, 5.0, 6.0, 7.0, 8.0, 9.0, 10.0, 11.0, 12.0, 13.0, 14.0, 15.0, 16.0, 17.0, 18.0, 19.0, 20.0, 21.0, 22.0, 23.0, 24.0, 25.0, 26.0, 27.0, 28.0, 29.0, 30.0, 31.0, 32.0, 33.0, 34.0, 35.0, 36.0, 37.0, 38.0, 39.0, 40.0, 41.0, 42.0, 43.0, 44.0, 45.0, 46.0, 47.0, 48.0, 49.0]","[26.14, 26.14, 26.14, 26.14, 26.14, 26.11, 26.08, 26.02, 25.94, 25.93, 25.91, 25.9, 25.8, 25.51, 25.15, 24.9, 24.55, 24.16, 23.9, 23.36, 22.34, 21.51, 20.28, 18.65, 17.35, 15.91, 14.95, 13.96, 12.97, 12.54, 12.26, 11.82, 11.33, 11.07, 10.9, 10.8, 10.67, 10.47, 10.28, 9.96, 9.91, 9.96, 10.0, 10.07, 10.24, 10.42, 10.51, 10.59, 10.65]",118954,10SEP2012:20:00:00,38.097644264,-74.33321815,"[2.0, 9.0, 11.0, 12.0, 13.0, 15.0, 17.0, 24.0, 34.0, 49.0]","[24.75, 24.525, 23.7517, 22.2051, 21.7693, 17.1857, 15.2595, 11.8992, 10.69, 10.7884]"
55,55,[HB1206],2012-09-08 04:27:36,38.0717,-74.3,"[1.0, 2.0, 3.0, 4.0, 5.0, 6.0, 7.0, 8.0, 9.0, 10.0, 11.0, 12.0, 13.0, 14.0, 15.0, 16.0, 17.0, 18.0, 19.0, 20.0, 21.0, 22.0, 23.0, 24.0, 25.0, 26.0, 27.0, 28.0, 29.0, 30.0, 31.0, 32.0, 33.0, 34.0, 35.0, 36.0, 37.0, 38.0, 39.0, 40.0, 41.0, 42.0, 43.0, 44.0, 45.0, 46.0, 47.0, 48.0, 49.0]","[26.14, 26.14, 26.14, 26.14, 26.14, 26.11, 26.08, 26.02, 25.94, 25.93, 25.91, 25.9, 25.8, 25.51, 25.15, 24.9, 24.55, 24.16, 23.9, 23.36, 22.34, 21.51, 20.28, 18.65, 17.35, 15.91, 14.95, 13.96, 12.97, 12.54, 12.26, 11.82, 11.33, 11.07, 10.9, 10.8, 10.67, 10.47, 10.28, 9.96, 9.91, 9.96, 10.0, 10.07, 10.24, 10.42, 10.51, 10.59, 10.65]",118949,05SEP2012:20:00:00,38.128658713,-74.35357671,"[2.0, 11.0, 16.0, 18.0, 19.0, 20.0, 22.0, 25.0, 32.0, 45.0]","[25.88, 25.2852, 23.5454, 22.0287, 20.155, 20.0361, 17.0621, 14.787, 11.5899, 11.01]"
56,56,[HB1206],2012-09-08 04:27:36,38.0717,-74.3,"[1.0, 2.0, 3.0, 4.0, 5.0, 6.0, 7.0, 8.0, 9.0, 10.0, 11.0, 12.0, 13.0, 14.0, 15.0, 16.0, 17.0, 18.0, 19.0, 20.0, 21.0, 22.0, 23.0, 24.0, 25.0, 26.0, 27.0, 28.0, 29.0, 30.0, 31.0, 32.0, 33.0, 34.0, 35.0, 36.0, 37.0, 38.0, 39.0, 40.0, 41.0, 42.0, 43.0, 44.0, 45.0, 46.0, 47.0, 48.0, 49.0]","[26.14, 26.14, 26.14, 26.14, 26.14, 26.11, 26.08, 26.02, 25.94, 25.93, 25.91, 25.9, 25.8, 25.51, 25.15, 24.9, 24.55, 24.16, 23.9, 23.36, 22.34, 21.51, 20.28, 18.65, 17.35, 15.91, 14.95, 13.96, 12.97, 12.54, 12.26, 11.82, 11.33, 11.07, 10.9, 10.8, 10.67, 10.47, 10.28, 9.96, 9.91, 9.96, 10.0, 10.07, 10.24, 10.42, 10.51, 10.59, 10.65]",118949,06SEP2012:12:00:00,38.142062597,-74.36764189,"[2.0, 12.0, 15.0, 17.0, 18.0, 21.0, 22.0, 23.0, 27.0, 46.0]","[25.673, 25.79, 25.2633, 23.0249, 21.4742, 15.6222, 15.2271, 13.7934, 12.0085, 11.16]"
57,57,[HB1206],2012-09-08 04:27:36,38.0717,-74.3,"[1.0, 2.0, 3.0, 4.0, 5.0, 6.0, 7.0, 8.0, 9.0, 10.0, 11.0, 12.0, 13.0, 14.0, 15.0, 16.0, 17.0, 18.0, 19.0, 20.0, 21.0, 22.0, 23.0, 24.0, 25.0, 26.0, 27.0, 28.0, 29.0, 30.0, 31.0, 32.0, 33.0, 34.0, 35.0, 36.0, 37.0, 38.0, 39.0, 40.0, 41.0, 42.0, 43.0, 44.0, 45.0, 46.0, 47.0, 48.0, 49.0]","[26.14, 26.14, 26.14, 26.14, 26.14, 26.11, 26.08, 26.02, 25.94, 25.93, 25.91, 25.9, 25.8, 25.51, 25.15, 24.9, 24.55, 24.16, 23.9, 23.36, 22.34, 21.51, 20.28, 18.65, 17.35, 15.91, 14.95, 13.96, 12.97, 12.54, 12.26, 11.82, 11.33, 11.07, 10.9, 10.8, 10.67, 10.47, 10.28, 9.96, 9.91, 9.96, 10.0, 10.07, 10.24, 10.42, 10.51, 10.59, 10.65]",118949,07SEP2012:08:00:00,38.104682783,-74.38250847,"[2.0, 3.0, 5.0, 6.0, 8.0, 9.0, 10.0, 12.0, 13.0, 13.0]","[25.6924, 25.69, 25.69, 25.7006, 25.7125, 25.7243, 25.74, 25.74, 25.7125, 25.7125]"
58,58,[HB1206],2012-09-08 04:27:36,38.0717,-74.3,"[1.0, 2.0, 3.0, 4.0, 5.0, 6.0, 7.0, 8.0, 9.0, 10.0, 11.0, 12.0, 13.0, 14.0, 15.0, 16.0, 17.0, 18.0, 19.0, 20.0, 21.0, 22.0, 23.0, 24.0, 25.0, 26.0, 27.0, 28.0, 29.0, 30.0, 31.0, 32.0, 33.0, 34.0, 35.0, 36.0, 37.0, 38.0, 39.0, 40.0, 41.0, 42.0, 43.0, 44.0, 45.0, 46.0, 47.0, 48.0, 49.0]","[26.14, 26.14, 26.14, 26.14, 26.14, 26.11, 26.08, 26.02, 25.94, 25.93, 25.91, 25.9, 25.8, 25.51, 25.15, 24.9, 24.55, 24.16, 23.9, 23.36, 22.34, 21.51, 20.28, 18.65, 17.35, 15.91, 14.95, 13.96, 12.97, 12.54, 12.26, 11.82, 11.33, 11.07, 10.9, 10.8, 10.67, 10.47, 10.28, 9.96, 9.91, 9.96, 10.0, 10.07, 10.24, 10.42, 10.51, 10.59, 10.65]",118949,08SEP2012:04:00:00,38.070071783,-74.40192885,"[2.0, 3.0, 4.0, 5.0, 6.0, 7.0, 9.0, 10.0, 10.0, 10.0]","[26.14, 26.1037, 26.0243, 26.001, 25.9484, 25.92, 25.92, 25.9354, 25.9354, 25.9354]"
59,59,[HB1206],2012-09-08 04:27:36,38.0717,-74.3,"[1.0, 2.0, 3.0, 4.0, 5.0, 6.0, 7.0, 8.0, 9.0, 10.0, 11.0, 12.0, 13.0, 14.0, 15.0, 16.0, 17.0, 18.0, 19.0, 20.0, 21.0, 22.0, 23.0, 24.0, 25.0, 26.0, 27.0, 28.0, 29.0, 30.0, 31.0, 32.0, 33.0, 34.0, 35.0, 36.0, 37.0, 38.0, 39.0, 40.0, 41.0, 42.0, 43.0, 44.0, 45.0, 46.0, 47.0, 48.0, 49.0]","[26.14, 26.14, 26.14, 26.14, 26.14, 26.11, 26.08, 26.02, 25.94, 25.93, 25.91, 25.9, 25.8, 25.51, 25.15, 24.9, 24.55, 24.16, 23.9, 23.36, 22.34, 21.51, 20.28, 18.65, 17.35, 15.91, 14.95, 13.96, 12.97, 12.54, 12.26, 11.82, 11.33, 11.07, 10.9, 10.8, 10.67, 10.47, 10.28, 9.96, 9.91, 9.96, 10.0, 10.07, 10.24, 10.42, 10.51, 10.59, 10.65]",118949,09SEP2012:00:00:00,38.087267649,-74.37244253,"[2.0, 11.0, 13.0, 15.0, 16.0, 17.0, 21.0, 25.0, 32.0, 44.0]","[26.0, 25.414, 23.3484, 22.484, 20.5942, 20.2426, 15.3641, 12.9469, 11.5112, 11.35]"
60,60,[HB1206],2012-09-08 04:27:36,38.0717,-74.3,"[1.0, 2.0, 3.0, 4.0, 5.0, 6.0, 7.0, 8.0, 9.0, 10.0, 11.0, 12.0, 13.0, 14.0, 15.0, 16.0, 17.0, 18.0, 19.0, 20.0, 21.0, 22.0, 23.0, 24.0, 25.0, 26.0, 27.0, 28.0, 29.0, 30.0, 31.0, 32.0, 33.0, 34.0, 35.0, 36.0, 37.0, 38.0, 39.0, 40.0, 41.0, 42.0, 43.0, 44.0, 45.0, 46.0, 47.0, 48.0, 49.0]","[26.14, 26.14, 26.14, 26.14, 26.14, 26.11, 26.08, 26.02, 25.94, 25.93, 25.91, 25.9, 25.8, 25.51, 25.15, 24.9, 24.55, 24.16, 23.9, 23.36, 22.34, 21.51, 20.28, 18.65, 17.35, 15.91, 14.95, 13.96, 12.97, 12.54, 12.26, 11.82, 11.33, 11.07, 10.9, 10.8, 10.67, 10.47, 10.28, 9.96, 9.91, 9.96, 10.0, 10.07, 10.24, 10.42, 10.51, 10.59, 10.65]",118895,07SEP2012:16:00:00,38.046039707,-74.37393656,"[2.0, 9.0, 15.0, 17.0, 18.0, 20.0, 22.0, 27.0, 36.0, 48.0]","[25.8, 25.6806, 23.8007, 21.1151, 20.6377, 16.9524, 14.8487, 12.4466, 11.2232, 10.88]"
61,61,[HB1206],2012-09-08 04:27:36,38.0717,-74.3,"[1.0, 2.0, 3.0, 4.0, 5.0, 6.0, 7.0, 8.0, 9.0, 10.0, 11.0, 12.0, 13.0, 14.0, 15.0, 16.0, 17.0, 18.0, 19.0, 20.0, 21.0, 22.0, 23.0, 24.0, 25.0, 26.0, 27.0, 28.0, 29.0, 30.0, 31.0, 32.0, 33.0, 34.0, 35.0, 36.0, 37.0, 38.0, 39.0, 40.0, 41.0, 42.0, 43.0, 44.0, 45.0, 46.0, 47.0, 48.0, 49.0]","[26.14, 26.14, 26.14, 26.14, 26.14, 26.11, 26.08, 26.02, 25.94, 25.93, 25.91, 25.9, 25.8, 25.51, 25.15, 24.9, 24.55, 24.16, 23.9, 23.36, 22.34, 21.51, 20.28, 18.65, 17.35, 15.91, 14.95, 13.96, 12.97, 12.54, 12.26, 11.82, 11.33, 11.07, 10.9, 10.8, 10.67, 10.47, 10.28, 9.96, 9.91, 9.96, 10.0, 10.07, 10.24, 10.42, 10.51, 10.59, 10.65]",118895,08SEP2012:16:00:00,38.042654541,-74.35411746,"[2.0, 12.0, 16.0, 18.0, 19.0, 20.0, 24.0, 31.0, 38.0, 49.0]","[26.17, 25.0681, 23.423, 22.1503, 20.1948, 20.0086, 15.5698, 11.7364, 10.65, 10.7586]"
62,62,[HB1206],2012-09-17 03:44:23,38.1233,-74.6033,"[1.0, 2.0, 3.0, 4.0, 5.0, 6.0, 7.0, 8.0, 9.0, 10.0, 11.0, 12.0, 13.0, 14.0, 15.0, 16.0, 17.0, 18.0, 19.0, 20.0, 21.0, 22.0, 23.0, 24.0, 25.0, 26.0, 27.0, 28.0, 29.0, 30.0, 31.0, 32.0]","[23.88, 23.89, 23.89, 23.89, 23.89, 23.89, 23.89, 23.89, 23.9, 23.89, 23.89, 23.88, 23.87, 23.82, 22.67, 20.45, 19.0, 14.75, 13.46, 13.34, 13.3, 13.26, 13.23, 13.2, 13.15, 13.12, 13.1, 13.08, 13.07, 13.06, 13.06, 13.06]",118952,14SEP2012:12:00:00,38.060689525,-74.52407815,"[2.0, 9.0, 12.0, 14.0, 15.0, 16.0, 18.0, 20.0, 24.0, 42.0]","[24.54, 23.5701, 21.7534, 19.117, 19.076, 17.7783, 16.8767, 14.5136, 12.2187, 10.88]"
63,63,[HB1206],2012-09-07 16:15:35,38.5367,-73.8567,"[1.0, 2.0, 3.0, 4.0, 5.0, 6.0, 7.0, 8.0, 9.0, 10.0, 11.0, 12.0, 13.0, 14.0, 15.0, 16.0, 17.0, 18.0, 19.0, 20.0, 21.0, 22.0, 23.0, 24.0, 25.0, 26.0, 27.0, 28.0, 29.0, 30.0, 31.0, 32.0, 33.0, 34.0, 35.0, 36.0, 37.0, 38.0, 39.0, 40.0, 41.0, 42.0, 43.0, 44.0, 45.0, 46.0, 47.0, 48.0, 49.0, 50.0, 51.0, 52.0, 53.0]","[25.73, 25.74, 25.8, 25.77, 25.68, 25.61, 25.6, 25.58, 25.42, 24.88, 24.43, 23.78, 23.19, 22.53, 22.51, 22.91, 24.08, 23.99, 23.44, 21.1, 20.08, 18.65, 17.24, 16.21, 15.44, 14.84, 14.51, 13.69, 12.98, 12.04, 11.46, 11.0, 10.67, 10.41, 10.37, 10.09, 9.62, 9.38, 9.18, 8.96, 8.87, 8.85, 8.84, 8.81, 8.81, 8.8, 8.8, 8.8, 8.81, 8.8, 8.8, 8.81, 8.81]",118950,08SEP2012:16:00:00,38.550577751,-73.84247541,"[2.0, 12.0, 15.0, 17.0, 18.0, 21.0, 22.0, 28.0, 35.0, 55.0]","[25.11, 24.788, 23.8381, 22.1959, 19.8614, 17.7201, 16.0779, 12.3427, 9.815, 9.01]"
64,64,[HB1206],2012-09-07 16:15:35,38.5367,-73.8567,"[1.0, 2.0, 3.0, 4.0, 5.0, 6.0, 7.0, 8.0, 9.0, 10.0, 11.0, 12.0, 13.0, 14.0, 15.0, 16.0, 17.0, 18.0, 19.0, 20.0, 21.0, 22.0, 23.0, 24.0, 25.0, 26.0, 27.0, 28.0, 29.0, 30.0, 31.0, 32.0, 33.0, 34.0, 35.0, 36.0, 37.0, 38.0, 39.0, 40.0, 41.0, 42.0, 43.0, 44.0, 45.0, 46.0, 47.0, 48.0, 49.0, 50.0, 51.0, 52.0, 53.0]","[25.73, 25.74, 25.8, 25.77, 25.68, 25.61, 25.6, 25.58, 25.42, 24.88, 24.43, 23.78, 23.19, 22.53, 22.51, 22.91, 24.08, 23.99, 23.44, 21.1, 20.08, 18.65, 17.24, 16.21, 15.44, 14.84, 14.51, 13.69, 12.98, 12.04, 11.46, 11.0, 10.67, 10.41, 10.37, 10.09, 9.62, 9.38, 9.18, 8.96, 8.87, 8.85, 8.84, 8.81, 8.81, 8.8, 8.8, 8.8, 8.81, 8.8, 8.8, 8.81, 8.81]",118887,05SEP2012:12:00:00,38.525948429,-73.94714546,"[2.0, 12.0, 17.0, 21.0, 22.0, 27.0, 30.0, 31.0, 34.0, 54.0]","[25.66, 24.6883, 21.9048, 17.5073, 17.3921, 13.1263, 12.484, 11.1829, 10.1453, 9.19]"
65,65,[HB1206],2012-09-07 16:15:35,38.5367,-73.8567,"[1.0, 2.0, 3.0, 4.0, 5.0, 6.0, 7.0, 8.0, 9.0, 10.0, 11.0, 12.0, 13.0, 14.0, 15.0, 16.0, 17.0, 18.0, 19.0, 20.0, 21.0, 22.0, 23.0, 24.0, 25.0, 26.0, 27.0, 28.0, 29.0, 30.0, 31.0, 32.0, 33.0, 34.0, 35.0, 36.0, 37.0, 38.0, 39.0, 40.0, 41.0, 42.0, 43.0, 44.0, 45.0, 46.0, 47.0, 48.0, 49.0, 50.0, 51.0, 52.0, 53.0]","[25.73, 25.74, 25.8, 25.77, 25.68, 25.61, 25.6, 25.58, 25.42, 24.88, 24.43, 23.78, 23.19, 22.53, 22.51, 22.91, 24.08, 23.99, 23.44, 21.1, 20.08, 18.65, 17.24, 16.21, 15.44, 14.84, 14.51, 13.69, 12.98, 12.04, 11.46, 11.0, 10.67, 10.41, 10.37, 10.09, 9.62, 9.38, 9.18, 8.96, 8.87, 8.85, 8.84, 8.81, 8.81, 8.8, 8.8, 8.8, 8.81, 8.8, 8.8, 8.81, 8.81]",118885,09SEP2012:20:00:00,38.52121565,-73.96327307,"[2.0, 14.0, 17.0, 21.0, 24.0, 27.0, 31.0, 33.0, 40.0, 58.0]","[25.67, 24.8881, 20.8645, 19.3984, 15.7657, 13.5177, 12.247, 10.5203, 9.5592, 9.38]"
66,66,[HB1205],2012-08-10 14:20:23,37.4983,-74.6567,"[1.0, 2.0, 3.0, 4.0, 5.0, 6.0, 7.0, 8.0, 9.0, 10.0, 11.0, 12.0, 13.0, 14.0, 15.0, 16.0, 17.0, 18.0, 19.0, 20.0, 21.0, 22.0, 23.0, 24.0, 25.0, 26.0, 27.0, 28.0, 29.0, 30.0, 31.0, 32.0, 33.0, 34.0, 35.0, 36.0, 37.0, 38.0, 39.0, 40.0, 41.0, 42.0, 43.0, 44.0, 45.0, 46.0, 47.0, 48.0, 49.0, 50.0, 51.0, 52.0, 53.0, 54.0, 55.0, 56.0, 57.0]","[26.58, 26.58, 26.58, 26.58, 26.58, 26.58, 26.58, 26.58, 26.57, 26.53, 26.4, 25.92, 24.57, 23.92, 22.49, 20.6, 18.66, 17.78, 16.7, 15.5, 14.42, 13.18, 12.73, 12.45, 12.25, 12.0, 11.89, 11.71, 11.51, 11.27, 11.11, 11.03, 11.03, 11.04, 10.9, 10.79, 10.72, 10.65, 10.61, 10.57, 10.55, 10.49, 10.37, 10.34, 10.29, 10.24, 10.27, 10.29, 10.31, 10.33, 10.33, 10.33, 10.33, 10.33, 10.33, 10.33, 10.33]",118951,08AUG2012:04:00:00,37.541410031,-74.68746907,"[2.0, 7.0, 8.0, 9.0, 10.0, 11.0, 12.0, 13.0, 14.0, 14.0]","[26.6, 26.518, 26.3814, 26.0058, 24.6125, 23.786, 22.3927, 20.5964, 19.8451, 19.77]"
67,67,[HB1205],2012-08-10 14:20:23,37.4983,-74.6567,"[1.0, 2.0, 3.0, 4.0, 5.0, 6.0, 7.0, 8.0, 9.0, 10.0, 11.0, 12.0, 13.0, 14.0, 15.0, 16.0, 17.0, 18.0, 19.0, 20.0, 21.0, 22.0, 23.0, 24.0, 25.0, 26.0, 27.0, 28.0, 29.0, 30.0, 31.0, 32.0, 33.0, 34.0, 35.0, 36.0, 37.0, 38.0, 39.0, 40.0, 41.0, 42.0, 43.0, 44.0, 45.0, 46.0, 47.0, 48.0, 49.0, 50.0, 51.0, 52.0, 53.0, 54.0, 55.0, 56.0, 57.0]","[26.58, 26.58, 26.58, 26.58, 26.58, 26.58, 26.58, 26.58, 26.57, 26.53, 26.4, 25.92, 24.57, 23.92, 22.49, 20.6, 18.66, 17.78, 16.7, 15.5, 14.42, 13.18, 12.73, 12.45, 12.25, 12.0, 11.89, 11.71, 11.51, 11.27, 11.11, 11.03, 11.03, 11.04, 10.9, 10.79, 10.72, 10.65, 10.61, 10.57, 10.55, 10.49, 10.37, 10.34, 10.29, 10.24, 10.27, 10.29, 10.31, 10.33, 10.33, 10.33, 10.33, 10.33, 10.33, 10.33, 10.33]",118951,11AUG2012:20:00:00,37.451727701,-74.73400983,"[2.0, 10.0, 12.0, 14.0, 15.0, 17.0, 20.0, 24.0, 41.0, 56.0]","[26.47, 26.0335, 25.3007, 22.2451, 19.1895, 16.9913, 15.0269, 13.4368, 10.88, 10.9891]"
68,68,[HB1205],2012-08-10 14:20:23,37.4983,-74.6567,"[1.0, 2.0, 3.0, 4.0, 5.0, 6.0, 7.0, 8.0, 9.0, 10.0, 11.0, 12.0, 13.0, 14.0, 15.0, 16.0, 17.0, 18.0, 19.0, 20.0, 21.0, 22.0, 23.0, 24.0, 25.0, 26.0, 27.0, 28.0, 29.0, 30.0, 31.0, 32.0, 33.0, 34.0, 35.0, 36.0, 37.0, 38.0, 39.0, 40.0, 41.0, 42.0, 43.0, 44.0, 45.0, 46.0, 47.0, 48.0, 49.0, 50.0, 51.0, 52.0, 53.0, 54.0, 55.0, 56.0, 57.0]","[26.58, 26.58, 26.58, 26.58, 26.58, 26.58, 26.58, 26.58, 26.57, 26.53, 26.4, 25.92, 24.57, 23.92, 22.49, 20.6, 18.66, 17.78, 16.7, 15.5, 14.42, 13.18, 12.73, 12.45, 12.25, 12.0, 11.89, 11.71, 11.51, 11.27, 11.11, 11.03, 11.03, 11.04, 10.9, 10.79, 10.72, 10.65, 10.61, 10.57, 10.55, 10.49, 10.37, 10.34, 10.29, 10.24, 10.27, 10.29, 10.31, 10.33, 10.33, 10.33, 10.33, 10.33, 10.33, 10.33, 10.33]",118951,12AUG2012:20:00:00,37.485707133,-74.72416164,"[2.0, 10.0, 12.0, 15.0, 19.0, 20.0, 22.0, 26.0, 36.0, 54.0]","[26.32, 25.9521, 25.2316, 20.9545, 16.7541, 16.5088, 14.2859, 12.431, 11.0973, 10.99]"
69,69,[HB1205],2012-08-10 14:20:23,37.4983,-74.6567,"[1.0, 2.0, 3.0, 4.0, 5.0, 6.0, 7.0, 8.0, 9.0, 10.0, 11.0, 12.0, 13.0, 14.0, 15.0, 16.0, 17.0, 18.0, 19.0, 20.0, 21.0, 22.0, 23.0, 24.0, 25.0, 26.0, 27.0, 28.0, 29.0, 30.0, 31.0, 32.0, 33.0, 34.0, 35.0, 36.0, 37.0, 38.0, 39.0, 40.0, 41.0, 42.0, 43.0, 44.0, 45.0, 46.0, 47.0, 48.0, 49.0, 50.0, 51.0, 52.0, 53.0, 54.0, 55.0, 56.0, 57.0]","[26.58, 26.58, 26.58, 26.58, 26.58, 26.58, 26.58, 26.58, 26.57, 26.53, 26.4, 25.92, 24.57, 23.92, 22.49, 20.6, 18.66, 17.78, 16.7, 15.5, 14.42, 13.18, 12.73, 12.45, 12.25, 12.0, 11.89, 11.71, 11.51, 11.27, 11.11, 11.03, 11.03, 11.04, 10.9, 10.79, 10.72, 10.65, 10.61, 10.57, 10.55, 10.49, 10.37, 10.34, 10.29, 10.24, 10.27, 10.29, 10.31, 10.33, 10.33, 10.33, 10.33, 10.33, 10.33, 10.33, 10.33]",118951,13AUG2012:04:00:00,37.464404527,-74.71606712,"[2.0, 6.0, 7.0, 10.0, 11.0, 12.0, 13.0, 14.0, 15.0, 16.0]","[26.381, 26.41, 26.381, 26.2358, 26.2249, 26.1523, 25.9091, 25.5243, 24.0324, 22.78]"
70,70,[HB1205],2012-08-10 15:00:00,37.4917,-74.7917,"[1.0, 2.0, 3.0, 4.0, 5.0, 6.0, 7.0, 8.0, 9.0, 10.0, 11.0, 12.0, 13.0, 14.0, 15.0, 16.0, 17.0, 18.0, 19.0, 20.0, 21.0, 22.0, 23.0, 24.0, 25.0, 26.0, 27.0, 28.0, 29.0, 30.0, 31.0, 32.0, 33.0, 34.0, 35.0, 36.0, 37.0, 38.0, 39.0, 40.0, 41.0, 42.0, 43.0, 44.0, 45.0, 46.0, 47.0, 48.0, 49.0, 50.0, 51.0, 52.0]","[26.77, 26.77, 26.76, 26.76, 26.77, 26.77, 26.78, 26.77, 26.75, 26.62, 24.93, 22.09, 20.39, 17.61, 16.48, 15.5, 14.62, 13.93, 13.48, 13.34, 13.14, 12.95, 12.87, 12.65, 12.02, 11.77, 11.61, 11.46, 11.37, 11.37, 11.38, 11.31, 11.04, 10.73, 10.79, 10.85, 10.86, 10.87, 10.88, 10.91, 10.94, 10.97, 10.98, 10.97, 10.93, 10.93, 10.9, 10.87, 10.88, 10.89, 10.89, 10.89]",118951,09AUG2012:12:00:00,37.405852548,-74.76919737,"[2.0, 7.0, 10.0, 12.0, 16.0, 17.0, 19.0, 21.0, 34.0, 50.0]","[26.48, 26.2349, 25.4536, 24.0748, 18.5442, 16.6139, 14.7602, 13.9176, 11.5124, 11.16]"
71,71,[HB1205],2012-08-10 15:00:00,37.4917,-74.7917,"[1.0, 2.0, 3.0, 4.0, 5.0, 6.0, 7.0, 8.0, 9.0, 10.0, 11.0, 12.0, 13.0, 14.0, 15.0, 16.0, 17.0, 18.0, 19.0, 20.0, 21.0, 22.0, 23.0, 24.0, 25.0, 26.0, 27.0, 28.0, 29.0, 30.0, 31.0, 32.0, 33.0, 34.0, 35.0, 36.0, 37.0, 38.0, 39.0, 40.0, 41.0, 42.0, 43.0, 44.0, 45.0, 46.0, 47.0, 48.0, 49.0, 50.0, 51.0, 52.0]","[26.77, 26.77, 26.76, 26.76, 26.77, 26.77, 26.78, 26.77, 26.75, 26.62, 24.93, 22.09, 20.39, 17.61, 16.48, 15.5, 14.62, 13.93, 13.48, 13.34, 13.14, 12.95, 12.87, 12.65, 12.02, 11.77, 11.61, 11.46, 11.37, 11.37, 11.38, 11.31, 11.04, 10.73, 10.79, 10.85, 10.86, 10.87, 10.88, 10.91, 10.94, 10.97, 10.98, 10.97, 10.93, 10.93, 10.9, 10.87, 10.88, 10.89, 10.89, 10.89]",118951,11AUG2012:20:00:00,37.451727701,-74.73400983,"[2.0, 10.0, 12.0, 14.0, 15.0, 17.0, 20.0, 24.0, 41.0, 56.0]","[26.47, 26.0335, 25.3007, 22.2451, 19.1895, 16.9913, 15.0269, 13.4368, 10.88, 10.9891]"
72,72,[HB1205],2012-08-10 15:00:00,37.4917,-74.7917,"[1.0, 2.0, 3.0, 4.0, 5.0, 6.0, 7.0, 8.0, 9.0, 10.0, 11.0, 12.0, 13.0, 14.0, 15.0, 16.0, 17.0, 18.0, 19.0, 20.0, 21.0, 22.0, 23.0, 24.0, 25.0, 26.0, 27.0, 28.0, 29.0, 30.0, 31.0, 32.0, 33.0, 34.0, 35.0, 36.0, 37.0, 38.0, 39.0, 40.0, 41.0, 42.0, 43.0, 44.0, 45.0, 46.0, 47.0, 48.0, 49.0, 50.0, 51.0, 52.0]","[26.77, 26.77, 26.76, 26.76, 26.77, 26.77, 26.78, 26.77, 26.75, 26.62, 24.93, 22.09, 20.39, 17.61, 16.48, 15.5, 14.62, 13.93, 13.48, 13.34, 13.14, 12.95, 12.87, 12.65, 12.02, 11.77, 11.61, 11.46, 11.37, 11.37, 11.38, 11.31, 11.04, 10.73, 10.79, 10.85, 10.86, 10.87, 10.88, 10.91, 10.94, 10.97, 10.98, 10.97, 10.93, 10.93, 10.9, 10.87, 10.88, 10.89, 10.89, 10.89]",118951,12AUG2012:20:00:00,37.485707133,-74.72416164,"[2.0, 10.0, 12.0, 15.0, 19.0, 20.0, 22.0, 26.0, 36.0, 54.0]","[26.32, 25.9521, 25.2316, 20.9545, 16.7541, 16.5088, 14.2859, 12.431, 11.0973, 10.99]"
73,73,[HB1205],2012-08-10 15:00:00,37.4917,-74.7917,"[1.0, 2.0, 3.0, 4.0, 5.0, 6.0, 7.0, 8.0, 9.0, 10.0, 11.0, 12.0, 13.0, 14.0, 15.0, 16.0, 17.0, 18.0, 19.0, 20.0, 21.0, 22.0, 23.0, 24.0, 25.0, 26.0, 27.0, 28.0, 29.0, 30.0, 31.0, 32.0, 33.0, 34.0, 35.0, 36.0, 37.0, 38.0, 39.0, 40.0, 41.0, 42.0, 43.0, 44.0, 45.0, 46.0, 47.0, 48.0, 49.0, 50.0, 51.0, 52.0]","[26.77, 26.77, 26.76, 26.76, 26.77, 26.77, 26.78, 26.77, 26.75, 26.62, 24.93, 22.09, 20.39, 17.61, 16.48, 15.5, 14.62, 13.93, 13.48, 13.34, 13.14, 12.95, 12.87, 12.65, 12.02, 11.77, 11.61, 11.46, 11.37, 11.37, 11.38, 11.31, 11.04, 10.73, 10.79, 10.85, 10.86, 10.87, 10.88, 10.91, 10.94, 10.97, 10.98, 10.97, 10.93, 10.93, 10.9, 10.87, 10.88, 10.89, 10.89, 10.89]",118951,13AUG2012:04:00:00,37.464404527,-74.71606712,"[2.0, 6.0, 7.0, 10.0, 11.0, 12.0, 13.0, 14.0, 15.0, 16.0]","[26.381, 26.41, 26.381, 26.2358, 26.2249, 26.1523, 25.9091, 25.5243, 24.0324, 22.78]"
74,74,[HB1206],2012-09-17 19:54:00,38.6817,-74.2117,"[1.0, 2.0, 3.0, 4.0, 5.0, 6.0, 7.0, 8.0, 9.0, 10.0, 11.0, 12.0, 13.0, 14.0, 15.0, 16.0, 17.0, 18.0, 19.0, 20.0, 21.0, 22.0, 23.0, 24.0, 25.0, 26.0, 27.0, 28.0, 29.0, 30.0, 31.0, 32.0, 33.0, 34.0, 35.0, 36.0, 37.0, 38.0, 39.0, 40.0]","[24.47, 24.43, 24.35, 24.3, 24.24, 24.22, 24.21, 24.2, 24.2, 24.18, 24.14, 24.08, 24.0, 23.96, 23.93, 23.91, 23.86, 23.55, 21.54, 20.18, 17.23, 14.37, 13.1, 12.59, 12.26, 12.12, 11.97, 11.93, 11.79, 11.66, 11.6, 11.58, 11.56, 11.5, 11.43, 11.37, 11.31, 11.29, 11.27, 11.27]",118888,20SEP2012:04:00:00,38.713424373,-74.10769683,"[2.0, 21.0, 23.0, 24.0, 27.0, 28.0, 29.0, 30.0, 36.0, 50.0]","[23.42, 23.2091, 21.9702, 19.4396, 15.0902, 14.8398, 12.6651, 11.9402, 10.4377, 10.24]"
75,75,[HB1205],2012-08-12 14:51:35,38.4733,-74.3783,"[1.0, 2.0, 3.0, 4.0, 5.0, 6.0, 7.0, 8.0, 9.0, 10.0, 11.0, 12.0, 13.0, 14.0, 15.0, 16.0, 17.0, 18.0, 19.0, 20.0, 21.0, 22.0, 23.0, 24.0, 25.0, 26.0, 27.0, 28.0, 29.0, 30.0, 31.0, 32.0, 33.0, 34.0, 35.0, 36.0, 37.0, 38.0, 39.0, 40.0, 41.0, 42.0]","[25.13, 25.14, 25.12, 25.1, 25.07, 25.06, 25.06, 25.04, 25.04, 24.82, 25.11, 21.02, 19.63, 18.19, 16.85, 15.38, 14.63, 13.74, 13.07, 12.79, 12.45, 12.2, 12.04, 11.93, 11.89, 11.87, 11.84, 11.77, 11.65, 11.53, 11.46, 11.38, 11.24, 11.09, 10.95, 10.89, 10.72, 10.55, 10.46, 10.4, 10.34, 10.31]",118889,10AUG2012:08:00:00,38.475437713,-74.40139584,"[2.0, 3.0, 4.0, 5.0, 7.0, 8.0, 8.0, 8.0, 8.0, 8.0]","[26.68, 26.68, 26.6823, 26.69, 26.69, 26.6884, 26.6884, 26.6884, 26.6884, 26.6884]"
76,76,[HB1205],2012-08-12 14:51:35,38.4733,-74.3783,"[1.0, 2.0, 3.0, 4.0, 5.0, 6.0, 7.0, 8.0, 9.0, 10.0, 11.0, 12.0, 13.0, 14.0, 15.0, 16.0, 17.0, 18.0, 19.0, 20.0, 21.0, 22.0, 23.0, 24.0, 25.0, 26.0, 27.0, 28.0, 29.0, 30.0, 31.0, 32.0, 33.0, 34.0, 35.0, 36.0, 37.0, 38.0, 39.0, 40.0, 41.0, 42.0]","[25.13, 25.14, 25.12, 25.1, 25.07, 25.06, 25.06, 25.04, 25.04, 24.82, 25.11, 21.02, 19.63, 18.19, 16.85, 15.38, 14.63, 13.74, 13.07, 12.79, 12.45, 12.2, 12.04, 11.93, 11.89, 11.87, 11.84, 11.77, 11.65, 11.53, 11.46, 11.38, 11.24, 11.09, 10.95, 10.89, 10.72, 10.55, 10.46, 10.4, 10.34, 10.31]",118889,11AUG2012:08:00:00,38.468285128,-74.40389712,"[2.0, 3.0, 5.0, 6.0, 7.0, 8.0, 9.0, 10.0, 11.0, 11.0]","[26.152, 26.15, 26.15, 26.1987, 26.2466, 26.3159, 26.3956, 26.4284, 26.4377, 26.44]"
77,77,[HB1205],2012-08-12 14:51:35,38.4733,-74.3783,"[1.0, 2.0, 3.0, 4.0, 5.0, 6.0, 7.0, 8.0, 9.0, 10.0, 11.0, 12.0, 13.0, 14.0, 15.0, 16.0, 17.0, 18.0, 19.0, 20.0, 21.0, 22.0, 23.0, 24.0, 25.0, 26.0, 27.0, 28.0, 29.0, 30.0, 31.0, 32.0, 33.0, 34.0, 35.0, 36.0, 37.0, 38.0, 39.0, 40.0, 41.0, 42.0]","[25.13, 25.14, 25.12, 25.1, 25.07, 25.06, 25.06, 25.04, 25.04, 24.82, 25.11, 21.02, 19.63, 18.19, 16.85, 15.38, 14.63, 13.74, 13.07, 12.79, 12.45, 12.2, 12.04, 11.93, 11.89, 11.87, 11.84, 11.77, 11.65, 11.53, 11.46, 11.38, 11.24, 11.09, 10.95, 10.89, 10.72, 10.55, 10.46, 10.4, 10.34, 10.31]",118889,11AUG2012:12:00:00,38.454796598,-74.38361059,"[2.0, 10.0, 12.0, 14.0, 19.0, 20.0, 22.0, 25.0, 31.0, 49.0]","[25.95, 25.8278, 24.9874, 21.1521, 15.7582, 14.3219, 12.6411, 11.3882, 10.8381, 10.67]"
78,78,[HB1205],2012-08-12 14:51:35,38.4733,-74.3783,"[1.0, 2.0, 3.0, 4.0, 5.0, 6.0, 7.0, 8.0, 9.0, 10.0, 11.0, 12.0, 13.0, 14.0, 15.0, 16.0, 17.0, 18.0, 19.0, 20.0, 21.0, 22.0, 23.0, 24.0, 25.0, 26.0, 27.0, 28.0, 29.0, 30.0, 31.0, 32.0, 33.0, 34.0, 35.0, 36.0, 37.0, 38.0, 39.0, 40.0, 41.0, 42.0]","[25.13, 25.14, 25.12, 25.1, 25.07, 25.06, 25.06, 25.04, 25.04, 24.82, 25.11, 21.02, 19.63, 18.19, 16.85, 15.38, 14.63, 13.74, 13.07, 12.79, 12.45, 12.2, 12.04, 11.93, 11.89, 11.87, 11.84, 11.77, 11.65, 11.53, 11.46, 11.38, 11.24, 11.09, 10.95, 10.89, 10.72, 10.55, 10.46, 10.4, 10.34, 10.31]",118889,14AUG2012:16:00:00,38.387211873,-74.37341925,"[2.0, 7.0, 9.0, 11.0, 12.0, 15.0, 18.0, 27.0, 30.0, 41.0]","[25.56, 25.0171, 24.4893, 23.479, 22.0614, 19.1661, 15.381, 11.0681, 10.6459, 10.48]"
79,79,[HB1304],2013-09-14 05:50:23,36.9967,-75.405,"[1.0, 2.0, 3.0, 4.0, 5.0, 6.0, 7.0, 8.0, 9.0, 10.0, 11.0, 12.0, 13.0, 14.0, 15.0, 16.0, 17.0, 18.0, 19.0, 20.0, 21.0, 22.0, 23.0, 24.0, 25.0, 26.0, 27.0]","[24.83, 24.83, 24.83, 24.84, 24.83, 24.84, 24.84, 24.83, 24.85, 24.86, 24.86, 24.88, 24.88, 24.53, 23.73, 22.69, 21.28, 15.95, 14.65, 13.11, 12.37, 11.99, 11.58, 11.54, 11.5, 11.49, 11.49]",118903,12SEP2013:12:00:00,36.964602617,-75.49428455,"[2.0, 13.0, 14.0, 15.0, 16.0, 17.0, 18.0, 19.0, 22.0, 26.0]","[25.1, 24.407, 23.67, 22.163, 21.041, 18.236, 16.597, 15.651, 14.529, 14.1]"
80,80,[HB1304],2013-09-14 05:50:23,36.9967,-75.405,"[1.0, 2.0, 3.0, 4.0, 5.0, 6.0, 7.0, 8.0, 9.0, 10.0, 11.0, 12.0, 13.0, 14.0, 15.0, 16.0, 17.0, 18.0, 19.0, 20.0, 21.0, 22.0, 23.0, 24.0, 25.0, 26.0, 27.0]","[24.83, 24.83, 24.83, 24.84, 24.83, 24.84, 24.84, 24.83, 24.85, 24.86, 24.86, 24.88, 24.88, 24.53, 23.73, 22.69, 21.28, 15.95, 14.65, 13.11, 12.37, 11.99, 11.58, 11.54, 11.5, 11.49, 11.49]",118903,13SEP2013:00:00:00,36.960659191,-75.43531206,"[2.0, 9.0, 13.0, 14.0, 15.0, 16.0, 17.0, 18.0, 23.0, 26.0]","[25.24, 24.8486, 24.1271, 23.1731, 21.5465, 19.1861, 17.5596, 16.4099, 13.3891, 13.01]"
81,81,[HB1304],2013-09-14 05:50:23,36.9967,-75.405,"[1.0, 2.0, 3.0, 4.0, 5.0, 6.0, 7.0, 8.0, 9.0, 10.0, 11.0, 12.0, 13.0, 14.0, 15.0, 16.0, 17.0, 18.0, 19.0, 20.0, 21.0, 22.0, 23.0, 24.0, 25.0, 26.0, 27.0]","[24.83, 24.83, 24.83, 24.84, 24.83, 24.84, 24.84, 24.83, 24.85, 24.86, 24.86, 24.88, 24.88, 24.53, 23.73, 22.69, 21.28, 15.95, 14.65, 13.11, 12.37, 11.99, 11.58, 11.54, 11.5, 11.49, 11.49]",118903,15SEP2013:16:00:00,36.943151813,-75.44740388,"[2.0, 11.0, 12.0, 14.0, 15.0, 16.0, 18.0, 20.0, 23.0, 25.0]","[24.29, 24.1671, 23.563, 19.9482, 18.6273, 18.2586, 16.098, 14.8897, 14.0807, 14.05]"
82,82,[HB1304],2013-09-14 05:50:23,36.9967,-75.405,"[1.0, 2.0, 3.0, 4.0, 5.0, 6.0, 7.0, 8.0, 9.0, 10.0, 11.0, 12.0, 13.0, 14.0, 15.0, 16.0, 17.0, 18.0, 19.0, 20.0, 21.0, 22.0, 23.0, 24.0, 25.0, 26.0, 27.0]","[24.83, 24.83, 24.83, 24.84, 24.83, 24.84, 24.84, 24.83, 24.85, 24.86, 24.86, 24.88, 24.88, 24.53, 23.73, 22.69, 21.28, 15.95, 14.65, 13.11, 12.37, 11.99, 11.58, 11.54, 11.5, 11.49, 11.49]",118903,16SEP2013:12:00:00,36.998567388,-75.4857693,"[2.0, 10.0, 12.0, 14.0, 15.0, 16.0, 17.0, 20.0, 24.0, 28.0]","[24.1699, 24.21, 23.7691, 18.9395, 17.206, 16.0337, 15.5227, 14.5006, 14.2201, 14.19]"
83,83,[S11301],2013-06-17 18:21:36,37.295,-74.745,"[1.0, 2.0, 3.0, 4.0, 5.0, 6.0, 7.0, 8.0, 9.0, 10.0, 11.0, 12.0, 13.0, 14.0, 15.0, 16.0, 17.0, 18.0, 19.0, 20.0, 21.0, 22.0, 23.0, 24.0, 25.0, 26.0, 27.0, 28.0, 29.0, 30.0, 31.0, 32.0, 33.0, 34.0, 35.0, 36.0, 37.0, 38.0, 39.0, 40.0, 41.0, 42.0, 43.0, 44.0, 45.0, 46.0, 47.0, 48.0, 49.0, 50.0, 51.0, 52.0]","[20.0, 19.98, 19.95, 19.9, 19.77, 19.63, 19.58, 19.54, 19.5, 19.44, 19.24, 18.59, 17.37, 15.98, 14.55, 13.53, 12.52, 12.7, 13.17, 13.24, 13.24, 12.98, 12.63, 12.32, 11.9, 11.54, 10.17, 9.76, 9.75, 9.73, 9.72, 9.71, 9.71, 9.7, 9.7, 9.69, 9.69, 9.68, 9.68, 9.68, 9.68, 9.68, 9.68, 9.69, 9.7, 9.7, 9.71, 9.72, 9.72, 9.73, 9.73, 9.73]",118902,15JUN2013:12:00:00,37.355267333,-74.72116916,"[2.0, 5.0, 7.0, 8.0, 9.0, 10.0, 11.0, 12.0, 13.0, 14.0]","[18.7431, 18.75, 18.695, 18.6004, 18.5935, 18.5333, 18.4662, 17.8315, 17.1298, 17.03]"
84,84,[S11301],2013-06-17 18:21:36,37.295,-74.745,"[1.0, 2.0, 3.0, 4.0, 5.0, 6.0, 7.0, 8.0, 9.0, 10.0, 11.0, 12.0, 13.0, 14.0, 15.0, 16.0, 17.0, 18.0, 19.0, 20.0, 21.0, 22.0, 23.0, 24.0, 25.0, 26.0, 27.0, 28.0, 29.0, 30.0, 31.0, 32.0, 33.0, 34.0, 35.0, 36.0, 37.0, 38.0, 39.0, 40.0, 41.0, 42.0, 43.0, 44.0, 45.0, 46.0, 47.0, 48.0, 49.0, 50.0, 51.0, 52.0]","[20.0, 19.98, 19.95, 19.9, 19.77, 19.63, 19.58, 19.54, 19.5, 19.44, 19.24, 18.59, 17.37, 15.98, 14.55, 13.53, 12.52, 12.7, 13.17, 13.24, 13.24, 12.98, 12.63, 12.32, 11.9, 11.54, 10.17, 9.76, 9.75, 9.73, 9.72, 9.71, 9.71, 9.7, 9.7, 9.69, 9.69, 9.68, 9.68, 9.68, 9.68, 9.68, 9.68, 9.69, 9.7, 9.7, 9.71, 9.72, 9.72, 9.73, 9.73, 9.73]",118902,18JUN2013:00:00:00,37.279340148,-74.79939789,"[2.0, 9.0, 13.0, 15.0, 16.0, 19.0, 21.0, 22.0, 23.0, 42.0]","[20.5, 19.7602, 18.614, 15.5505, 14.4877, 12.5287, 11.9973, 10.6427, 10.1113, 10.08]"
85,85,[HB1205],2012-08-10 12:12:00,37.8433,-74.58,"[7.0, 8.0, 9.0, 10.0, 11.0, 12.0, 13.0, 14.0, 15.0, 16.0, 17.0, 18.0, 19.0, 20.0, 21.0, 22.0, 23.0, 24.0, 25.0, 26.0, 27.0, 28.0, 29.0, 30.0, 31.0, 32.0, 33.0, 34.0, 35.0, 36.0, 37.0, 38.0, 39.0, 40.0, 41.0, 42.0, 43.0, 44.0, 45.0, 46.0, 47.0, 48.0, 49.0, 50.0, 51.0]","[26.67, 26.67, 26.67, 26.67, 26.67, 26.67, 26.56, 24.38, 21.95, 19.65, 17.71, 16.69, 15.63, 15.02, 13.91, 13.26, 12.92, 12.58, 11.98, 11.68, 11.51, 11.38, 11.36, 11.34, 11.31, 11.28, 11.24, 11.05, 10.85, 10.73, 10.63, 10.57, 10.54, 10.48, 10.34, 10.32, 10.36, 10.37, 10.37, 10.37, 10.37, 10.37, 10.37, 10.37, 10.37]",118897,08AUG2012:04:00:00,37.81591475,-74.5371799,"[2.0, 3.0, 4.0, 5.0, 6.0, 8.0, 9.0, 10.0, 10.0, 10.0]","[26.75, 26.75, 26.7433, 26.7349, 26.7151, 26.7072, 26.3842, 26.33, 26.33, 26.33]"
86,86,[HB1205],2012-08-10 12:12:00,37.8433,-74.58,"[7.0, 8.0, 9.0, 10.0, 11.0, 12.0, 13.0, 14.0, 15.0, 16.0, 17.0, 18.0, 19.0, 20.0, 21.0, 22.0, 23.0, 24.0, 25.0, 26.0, 27.0, 28.0, 29.0, 30.0, 31.0, 32.0, 33.0, 34.0, 35.0, 36.0, 37.0, 38.0, 39.0, 40.0, 41.0, 42.0, 43.0, 44.0, 45.0, 46.0, 47.0, 48.0, 49.0, 50.0, 51.0]","[26.67, 26.67, 26.67, 26.67, 26.67, 26.67, 26.56, 24.38, 21.95, 19.65, 17.71, 16.69, 15.63, 15.02, 13.91, 13.26, 12.92, 12.58, 11.98, 11.68, 11.51, 11.38, 11.36, 11.34, 11.31, 11.28, 11.24, 11.05, 10.85, 10.73, 10.63, 10.57, 10.54, 10.48, 10.34, 10.32, 10.36, 10.37, 10.37, 10.37, 10.37, 10.37, 10.37, 10.37, 10.37]",118897,08AUG2012:12:00:00,37.78379468,-74.52884936,"[2.0, 10.0, 12.0, 13.0, 18.0, 19.0, 22.0, 27.0, 41.0, 60.0]","[26.63, 25.5198, 23.5645, 21.9407, 17.4668, 17.4005, 14.6665, 12.3301, 10.1097, 10.06]"
87,87,[HB1205],2012-08-10 12:12:00,37.8433,-74.58,"[7.0, 8.0, 9.0, 10.0, 11.0, 12.0, 13.0, 14.0, 15.0, 16.0, 17.0, 18.0, 19.0, 20.0, 21.0, 22.0, 23.0, 24.0, 25.0, 26.0, 27.0, 28.0, 29.0, 30.0, 31.0, 32.0, 33.0, 34.0, 35.0, 36.0, 37.0, 38.0, 39.0, 40.0, 41.0, 42.0, 43.0, 44.0, 45.0, 46.0, 47.0, 48.0, 49.0, 50.0, 51.0]","[26.67, 26.67, 26.67, 26.67, 26.67, 26.67, 26.56, 24.38, 21.95, 19.65, 17.71, 16.69, 15.63, 15.02, 13.91, 13.26, 12.92, 12.58, 11.98, 11.68, 11.51, 11.38, 11.36, 11.34, 11.31, 11.28, 11.24, 11.05, 10.85, 10.73, 10.63, 10.57, 10.54, 10.48, 10.34, 10.32, 10.36, 10.37, 10.37, 10.37, 10.37, 10.37, 10.37, 10.37, 10.37]",118897,08AUG2012:16:00:00,37.780771707,-74.53403846,"[2.0, 10.0, 14.0, 15.0, 16.0, 21.0, 25.0, 32.0, 43.0, 61.0]","[26.44, 25.2728, 19.5352, 19.3379, 17.5953, 14.4388, 12.7619, 11.2166, 10.0, 10.0]"
88,88,[HB1205],2012-08-10 12:12:00,37.8433,-74.58,"[7.0, 8.0, 9.0, 10.0, 11.0, 12.0, 13.0, 14.0, 15.0, 16.0, 17.0, 18.0, 19.0, 20.0, 21.0, 22.0, 23.0, 24.0, 25.0, 26.0, 27.0, 28.0, 29.0, 30.0, 31.0, 32.0, 33.0, 34.0, 35.0, 36.0, 37.0, 38.0, 39.0, 40.0, 41.0, 42.0, 43.0, 44.0, 45.0, 46.0, 47.0, 48.0, 49.0, 50.0, 51.0]","[26.67, 26.67, 26.67, 26.67, 26.67, 26.67, 26.56, 24.38, 21.95, 19.65, 17.71, 16.69, 15.63, 15.02, 13.91, 13.26, 12.92, 12.58, 11.98, 11.68, 11.51, 11.38, 11.36, 11.34, 11.31, 11.28, 11.24, 11.05, 10.85, 10.73, 10.63, 10.57, 10.54, 10.48, 10.34, 10.32, 10.36, 10.37, 10.37, 10.37, 10.37, 10.37, 10.37, 10.37, 10.37]",118897,10AUG2012:16:00:00,37.806712689,-74.55612018,"[2.0, 8.0, 10.0, 13.0, 14.0, 16.0, 18.0, 27.0, 37.0, 59.0]","[26.65, 26.1813, 25.4615, 21.8456, 20.0042, 17.5769, 15.9364, 11.8016, 10.1611, 9.91]"
89,89,[HB1205],2012-08-10 12:12:00,37.8433,-74.58,"[7.0, 8.0, 9.0, 10.0, 11.0, 12.0, 13.0, 14.0, 15.0, 16.0, 17.0, 18.0, 19.0, 20.0, 21.0, 22.0, 23.0, 24.0, 25.0, 26.0, 27.0, 28.0, 29.0, 30.0, 31.0, 32.0, 33.0, 34.0, 35.0, 36.0, 37.0, 38.0, 39.0, 40.0, 41.0, 42.0, 43.0, 44.0, 45.0, 46.0, 47.0, 48.0, 49.0, 50.0, 51.0]","[26.67, 26.67, 26.67, 26.67, 26.67, 26.67, 26.56, 24.38, 21.95, 19.65, 17.71, 16.69, 15.63, 15.02, 13.91, 13.26, 12.92, 12.58, 11.98, 11.68, 11.51, 11.38, 11.36, 11.34, 11.31, 11.28, 11.24, 11.05, 10.85, 10.73, 10.63, 10.57, 10.54, 10.48, 10.34, 10.32, 10.36, 10.37, 10.37, 10.37, 10.37, 10.37, 10.37, 10.37, 10.37]",118897,10AUG2012:20:00:00,37.826512082,-74.5056084,"[2.0, 10.0, 15.0, 17.0, 20.0, 22.0, 27.0, 31.0, 39.0, 61.0]","[26.5, 25.7022, 20.0348, 19.4531, 15.348, 13.6527, 11.3093, 10.2623, 9.88, 9.88]"
90,90,[HB1205],2012-08-10 12:12:00,37.8433,-74.58,"[7.0, 8.0, 9.0, 10.0, 11.0, 12.0, 13.0, 14.0, 15.0, 16.0, 17.0, 18.0, 19.0, 20.0, 21.0, 22.0, 23.0, 24.0, 25.0, 26.0, 27.0, 28.0, 29.0, 30.0, 31.0, 32.0, 33.0, 34.0, 35.0, 36.0, 37.0, 38.0, 39.0, 40.0, 41.0, 42.0, 43.0, 44.0, 45.0, 46.0, 47.0, 48.0, 49.0, 50.0, 51.0]","[26.67, 26.67, 26.67, 26.67, 26.67, 26.67, 26.56, 24.38, 21.95, 19.65, 17.71, 16.69, 15.63, 15.02, 13.91, 13.26, 12.92, 12.58, 11.98, 11.68, 11.51, 11.38, 11.36, 11.34, 11.31, 11.28, 11.24, 11.05, 10.85, 10.73, 10.63, 10.57, 10.54, 10.48, 10.34, 10.32, 10.36, 10.37, 10.37, 10.37, 10.37, 10.37, 10.37, 10.37, 10.37]",118896,08AUG2012:20:00:00,37.854363116,-74.50499086,"[2.0, 13.0, 16.0, 17.0, 20.0, 24.0, 31.0, 32.0, 42.0, 58.0]","[26.68, 22.8682, 20.4202, 18.6129, 16.7563, 14.8175, 12.9445, 11.8601, 10.4965, 10.25]"
91,91,[HB1205],2012-08-10 12:12:00,37.8433,-74.58,"[7.0, 8.0, 9.0, 10.0, 11.0, 12.0, 13.0, 14.0, 15.0, 16.0, 17.0, 18.0, 19.0, 20.0, 21.0, 22.0, 23.0, 24.0, 25.0, 26.0, 27.0, 28.0, 29.0, 30.0, 31.0, 32.0, 33.0, 34.0, 35.0, 36.0, 37.0, 38.0, 39.0, 40.0, 41.0, 42.0, 43.0, 44.0, 45.0, 46.0, 47.0, 48.0, 49.0, 50.0, 51.0]","[26.67, 26.67, 26.67, 26.67, 26.67, 26.67, 26.56, 24.38, 21.95, 19.65, 17.71, 16.69, 15.63, 15.02, 13.91, 13.26, 12.92, 12.58, 11.98, 11.68, 11.51, 11.38, 11.36, 11.34, 11.31, 11.28, 11.24, 11.05, 10.85, 10.73, 10.63, 10.57, 10.54, 10.48, 10.34, 10.32, 10.36, 10.37, 10.37, 10.37, 10.37, 10.37, 10.37, 10.37, 10.37]",118896,09AUG2012:20:00:00,37.846707761,-74.4906076,"[2.0, 7.0, 11.0, 14.0, 16.0, 24.0, 25.0, 31.0, 38.0, 59.0]","[26.17, 25.2939, 23.7805, 21.168, 20.483, 15.3535, 14.1747, 12.1038, 10.6701, 10.24]"
92,92,[HB1304],2013-09-09 11:39:35,37.005,-74.82,"[1.0, 2.0, 3.0, 4.0, 5.0, 6.0, 7.0, 8.0, 9.0, 10.0, 11.0, 12.0, 13.0, 14.0, 15.0, 16.0, 17.0, 18.0, 19.0, 20.0, 21.0, 22.0, 23.0, 24.0, 25.0, 26.0, 27.0, 28.0, 29.0, 30.0, 31.0, 32.0, 33.0, 34.0, 35.0, 36.0, 37.0, 38.0, 39.0, 40.0, 41.0, 42.0, 43.0, 44.0, 45.0, 46.0, 47.0, 48.0, 49.0, 50.0, 51.0, 52.0, 53.0, 54.0, 55.0, 56.0]","[24.24, 24.24, 24.24, 24.24, 24.24, 24.24, 24.24, 24.24, 24.24, 24.24, 24.22, 24.22, 24.21, 24.17, 23.69, 23.16, 21.69, 19.62, 17.54, 15.92, 15.24, 14.95, 13.23, 12.57, 12.68, 12.03, 11.45, 11.39, 11.18, 11.01, 10.65, 10.29, 9.97, 9.64, 9.18, 8.9, 8.84, 8.84, 8.83, 8.81, 8.81, 8.8, 8.8, 8.8, 8.8, 8.8, 8.79, 8.79, 8.79, 8.79, 8.79, 8.78, 8.78, 8.78, 8.78, 8.78]",118906,08SEP2013:00:00:00,37.014593923,-74.90872292,"[2.0, 14.0, 22.0, 23.0, 24.0, 25.0, 26.0, 28.0, 35.0, 51.0]","[23.92, 22.8536, 14.4874, 14.3673, 12.1894, 12.0692, 10.6573, 9.8312, 9.0051, 8.9]"
93,93,[HB1304],2013-09-09 11:39:35,37.005,-74.82,"[1.0, 2.0, 3.0, 4.0, 5.0, 6.0, 7.0, 8.0, 9.0, 10.0, 11.0, 12.0, 13.0, 14.0, 15.0, 16.0, 17.0, 18.0, 19.0, 20.0, 21.0, 22.0, 23.0, 24.0, 25.0, 26.0, 27.0, 28.0, 29.0, 30.0, 31.0, 32.0, 33.0, 34.0, 35.0, 36.0, 37.0, 38.0, 39.0, 40.0, 41.0, 42.0, 43.0, 44.0, 45.0, 46.0, 47.0, 48.0, 49.0, 50.0, 51.0, 52.0, 53.0, 54.0, 55.0, 56.0]","[24.24, 24.24, 24.24, 24.24, 24.24, 24.24, 24.24, 24.24, 24.24, 24.24, 24.22, 24.22, 24.21, 24.17, 23.69, 23.16, 21.69, 19.62, 17.54, 15.92, 15.24, 14.95, 13.23, 12.57, 12.68, 12.03, 11.45, 11.39, 11.18, 11.01, 10.65, 10.29, 9.97, 9.64, 9.18, 8.9, 8.84, 8.84, 8.83, 8.81, 8.81, 8.8, 8.8, 8.8, 8.8, 8.8, 8.79, 8.79, 8.79, 8.79, 8.79, 8.78, 8.78, 8.78, 8.78, 8.78]",118906,08SEP2013:16:00:00,37.046828026,-74.90376567,"[2.0, 14.0, 16.0, 18.0, 23.0, 24.0, 28.0, 30.0, 33.0, 48.0]","[23.67, 23.5534, 23.0289, 21.6011, 17.0407, 15.03, 10.5716, 9.7848, 9.3768, 9.1]"
94,94,[DEL1105],2011-06-07 08:33:36,38.7717,-73.7767,"[1.0, 2.0, 3.0, 4.0, 5.0, 6.0, 7.0, 8.0, 9.0, 10.0, 11.0, 12.0, 13.0, 14.0, 15.0, 16.0, 17.0, 18.0, 19.0, 20.0, 21.0, 22.0, 23.0, 24.0, 25.0, 26.0, 27.0, 28.0, 29.0, 30.0, 31.0, 32.0, 33.0, 34.0, 35.0, 36.0, 37.0, 38.0, 39.0, 40.0, 41.0, 42.0, 43.0, 44.0]","[19.75, 19.75, 19.74, 19.72, 19.61, 18.74, 18.28, 18.06, 17.32, 15.65, 14.1, 13.07, 11.68, 11.1, 10.72, 9.6, 8.51, 8.39, 8.19, 7.58, 7.09, 6.92, 6.72, 6.8, 6.8, 6.81, 6.8, 6.82, 6.89, 6.92, 6.93, 6.92, 6.9, 6.91, 6.91, 6.9, 6.89, 6.88, 6.88, 6.87, 6.83, 6.72, 6.67, 6.7]",108392,06JUN2011:08:00:00,38.72019754,-73.74959551,"[2.0, 3.0, 5.0, 6.0, 7.0, 7.0, 7.0, 7.0, 7.0, 7.0]","[19.47, 19.47, 19.4682, 19.4682, 19.45, 19.45, 19.45, 19.45, 19.45, 19.45]"
95,95,[DEL1105],2011-06-07 08:33:36,38.7717,-73.7767,"[1.0, 2.0, 3.0, 4.0, 5.0, 6.0, 7.0, 8.0, 9.0, 10.0, 11.0, 12.0, 13.0, 14.0, 15.0, 16.0, 17.0, 18.0, 19.0, 20.0, 21.0, 22.0, 23.0, 24.0, 25.0, 26.0, 27.0, 28.0, 29.0, 30.0, 31.0, 32.0, 33.0, 34.0, 35.0, 36.0, 37.0, 38.0, 39.0, 40.0, 41.0, 42.0, 43.0, 44.0]","[19.75, 19.75, 19.74, 19.72, 19.61, 18.74, 18.28, 18.06, 17.32, 15.65, 14.1, 13.07, 11.68, 11.1, 10.72, 9.6, 8.51, 8.39, 8.19, 7.58, 7.09, 6.92, 6.72, 6.8, 6.8, 6.81, 6.8, 6.82, 6.89, 6.92, 6.93, 6.92, 6.9, 6.91, 6.91, 6.9, 6.89, 6.88, 6.88, 6.87, 6.83, 6.72, 6.67, 6.7]",108392,06JUN2011:16:00:00,38.723275948,-73.7653802,"[2.0, 5.0, 7.0, 8.0, 11.0, 12.0, 15.0, 18.0, 38.0, 51.0]","[19.49, 19.3921, 18.7678, 17.8988, 13.2966, 12.1827, 10.0285, 8.3516, 7.25, 7.911]"
96,96,[DEL1105],2011-06-07 05:24:00,38.475,-74.0433,"[1.0, 2.0, 3.0, 4.0, 5.0, 6.0, 7.0, 8.0, 9.0, 10.0, 11.0, 12.0, 13.0, 14.0, 15.0, 16.0, 17.0, 18.0, 19.0, 20.0, 21.0, 22.0, 23.0, 24.0, 25.0, 26.0, 27.0, 28.0, 29.0, 30.0, 31.0, 32.0, 33.0, 34.0, 35.0, 36.0, 37.0, 38.0, 39.0, 40.0, 41.0, 42.0, 43.0, 44.0, 45.0, 46.0, 47.0, 48.0, 49.0, 50.0]","[20.99, 20.98, 20.93, 20.64, 20.55, 20.47, 20.16, 19.81, 19.78, 19.23, 17.06, 15.71, 13.97, 13.37, 13.22, 12.67, 11.65, 11.35, 10.53, 10.0, 9.34, 8.83, 8.22, 7.93, 7.8, 7.55, 7.43, 7.41, 7.4, 7.4, 7.39, 7.4, 7.4, 7.42, 7.47, 7.56, 7.9, 8.1, 8.86, 9.22, 9.56, 10.54, 12.4, 13.16, 13.28, 13.28, 13.3, 13.32, 13.32, 13.32]",108396,07JUN2011:00:00:00,38.54471917,-73.99205812,"[2.0, 10.0, 11.0, 13.0, 19.0, 23.0, 30.0, 32.0, 37.0, 54.0]","[20.55, 19.0594, 17.9947, 14.4221, 11.8195, 9.0867, 8.72, 8.9448, 11.2635, 11.7248]"
97,97,[DEL1105],2011-06-07 05:24:00,38.475,-74.0433,"[1.0, 2.0, 3.0, 4.0, 5.0, 6.0, 7.0, 8.0, 9.0, 10.0, 11.0, 12.0, 13.0, 14.0, 15.0, 16.0, 17.0, 18.0, 19.0, 20.0, 21.0, 22.0, 23.0, 24.0, 25.0, 26.0, 27.0, 28.0, 29.0, 30.0, 31.0, 32.0, 33.0, 34.0, 35.0, 36.0, 37.0, 38.0, 39.0, 40.0, 41.0, 42.0, 43.0, 44.0, 45.0, 46.0, 47.0, 48.0, 49.0, 50.0]","[20.99, 20.98, 20.93, 20.64, 20.55, 20.47, 20.16, 19.81, 19.78, 19.23, 17.06, 15.71, 13.97, 13.37, 13.22, 12.67, 11.65, 11.35, 10.53, 10.0, 9.34, 8.83, 8.22, 7.93, 7.8, 7.55, 7.43, 7.41, 7.4, 7.4, 7.39, 7.4, 7.4, 7.42, 7.47, 7.56, 7.9, 8.1, 8.86, 9.22, 9.56, 10.54, 12.4, 13.16, 13.28, 13.28, 13.3, 13.32, 13.32, 13.32]",108396,08JUN2011:00:00:00,38.529193116,-74.10054581,"[2.0, 9.0, 10.0, 14.0, 18.0, 20.0, 22.0, 23.0, 34.0, 57.0]","[20.92, 19.8599, 19.2657, 13.8368, 12.2757, 10.4933, 10.3185, 9.27, 10.9127, 11.2272]"
98,98,[DEL1105],2011-06-07 10:24:00,38.9217,-73.8967,"[3.0, 4.0, 5.0, 6.0, 7.0, 8.0, 9.0, 10.0, 11.0, 12.0, 13.0, 14.0, 15.0, 16.0, 17.0, 18.0, 19.0, 20.0, 21.0, 22.0, 23.0, 24.0, 25.0, 26.0, 27.0, 28.0, 29.0, 30.0, 31.0, 32.0, 33.0, 34.0, 35.0, 36.0]","[19.61, 19.62, 19.65, 19.66, 19.55, 19.05, 18.98, 18.81, 18.38, 17.22, 15.33, 14.83, 14.01, 12.54, 10.79, 9.47, 8.01, 7.69, 7.64, 7.63, 7.63, 7.62, 7.62, 7.62, 7.62, 7.62, 7.61, 7.61, 7.61, 7.61, 7.61, 7.61, 7.61, 7.61]",108377,07JUN2011:20:00:00,38.869553276,-73.98171684,"[2.0, 5.0, 12.0, 16.0, 17.0, 18.0, 19.0, 20.0, 40.0, 44.0]","[20.5, 20.2079, 17.6766, 14.3907, 12.4313, 12.1879, 10.2285, 9.9486, 9.2793, 8.33]"
99,99,[DEL1105],2011-06-07 10:24:00,38.9217,-73.8967,"[3.0, 4.0, 5.0, 6.0, 7.0, 8.0, 9.0, 10.0, 11.0, 12.0, 13.0, 14.0, 15.0, 16.0, 17.0, 18.0, 19.0, 20.0, 21.0, 22.0, 23.0, 24.0, 25.0, 26.0, 27.0, 28.0, 29.0, 30.0, 31.0, 32.0, 33.0, 34.0, 35.0, 36.0]","[19.61, 19.62, 19.65, 19.66, 19.55, 19.05, 18.98, 18.81, 18.38, 17.22, 15.33, 14.83, 14.01, 12.54, 10.79, 9.47, 8.01, 7.69, 7.64, 7.63, 7.63, 7.62, 7.62, 7.62, 7.62, 7.62, 7.61, 7.61, 7.61, 7.61, 7.61, 7.61, 7.61, 7.61]",108377,08JUN2011:20:00:00,38.900256627,-73.84876141,"[2.0, 9.0, 10.0, 13.0, 18.0, 21.0, 23.0, 31.0, 41.0, 45.0]","[20.99, 19.2105, 18.0684, 16.342, 12.026, 11.0831, 9.5825, 8.799, 8.799, 7.71]"
100,100,[DEL1105],2011-06-07 10:24:00,38.9217,-73.8967,"[3.0, 4.0, 5.0, 6.0, 7.0, 8.0, 9.0, 10.0, 11.0, 12.0, 13.0, 14.0, 15.0, 16.0, 17.0, 18.0, 19.0, 20.0, 21.0, 22.0, 23.0, 24.0, 25.0, 26.0, 27.0, 28.0, 29.0, 30.0, 31.0, 32.0, 33.0, 34.0, 35.0, 36.0]","[19.61, 19.62, 19.65, 19.66, 19.55, 19.05, 18.98, 18.81, 18.38, 17.22, 15.33, 14.83, 14.01, 12.54, 10.79, 9.47, 8.01, 7.69, 7.64, 7.63, 7.63, 7.62, 7.62, 7.62, 7.62, 7.62, 7.61, 7.61, 7.61, 7.61, 7.61, 7.61, 7.61, 7.61]",108377,09JUN2011:08:00:00,38.957472355,-73.79347997,"[2.0, 3.0, 4.0, 4.0, 4.0, 4.0, 4.0, 4.0, 4.0, 4.0]","[20.7, 20.62, 20.62, 20.62, 20.62, 20.62, 20.62, 20.62, 20.62, 20.62]"
101,101,[DEL1105],2011-06-07 10:24:00,38.9217,-73.8967,"[3.0, 4.0, 5.0, 6.0, 7.0, 8.0, 9.0, 10.0, 11.0, 12.0, 13.0, 14.0, 15.0, 16.0, 17.0, 18.0, 19.0, 20.0, 21.0, 22.0, 23.0, 24.0, 25.0, 26.0, 27.0, 28.0, 29.0, 30.0, 31.0, 32.0, 33.0, 34.0, 35.0, 36.0]","[19.61, 19.62, 19.65, 19.66, 19.55, 19.05, 18.98, 18.81, 18.38, 17.22, 15.33, 14.83, 14.01, 12.54, 10.79, 9.47, 8.01, 7.69, 7.64, 7.63, 7.63, 7.62, 7.62, 7.62, 7.62, 7.62, 7.61, 7.61, 7.61, 7.61, 7.61, 7.61, 7.61, 7.61]",108377,09JUN2011:16:00:00,38.96219541,-73.81095941,"[2.0, 5.0, 8.0, 10.0, 13.0, 27.0, 32.0, 33.0, 38.0, 42.0]","[20.84, 19.3414, 18.6429, 16.5982, 14.6551, 9.0798, 8.7369, 8.1781, 8.6353, 8.14]"
102,102,[DEL1105],2011-06-07 09:33:36,38.8933,-73.7767,"[1.0, 2.0, 3.0, 4.0, 5.0, 6.0, 7.0, 8.0, 9.0, 10.0, 11.0, 12.0, 13.0, 14.0, 15.0, 16.0, 17.0, 18.0, 19.0, 20.0, 21.0, 22.0, 23.0, 24.0, 25.0, 26.0, 27.0, 28.0, 29.0, 30.0, 31.0, 32.0, 33.0, 34.0, 35.0, 36.0, 37.0, 38.0, 39.0, 40.0, 41.0]","[19.6, 19.6, 19.58, 19.49, 19.39, 19.14, 18.89, 18.79, 18.7, 18.24, 16.65, 15.34, 13.48, 12.29, 11.55, 10.93, 9.73, 9.31, 8.9, 8.25, 7.18, 6.93, 6.9, 6.88, 6.87, 6.87, 6.87, 6.87, 6.87, 6.87, 6.87, 6.88, 6.87, 6.88, 6.88, 6.88, 6.88, 6.88, 6.88, 6.88, 6.89]",108377,08JUN2011:20:00:00,38.900256627,-73.84876141,"[2.0, 9.0, 10.0, 13.0, 18.0, 21.0, 23.0, 31.0, 41.0, 45.0]","[20.99, 19.2105, 18.0684, 16.342, 12.026, 11.0831, 9.5825, 8.799, 8.799, 7.71]"
103,103,[DEL1105],2011-06-07 09:33:36,38.8933,-73.7767,"[1.0, 2.0, 3.0, 4.0, 5.0, 6.0, 7.0, 8.0, 9.0, 10.0, 11.0, 12.0, 13.0, 14.0, 15.0, 16.0, 17.0, 18.0, 19.0, 20.0, 21.0, 22.0, 23.0, 24.0, 25.0, 26.0, 27.0, 28.0, 29.0, 30.0, 31.0, 32.0, 33.0, 34.0, 35.0, 36.0, 37.0, 38.0, 39.0, 40.0, 41.0]","[19.6, 19.6, 19.58, 19.49, 19.39, 19.14, 18.89, 18.79, 18.7, 18.24, 16.65, 15.34, 13.48, 12.29, 11.55, 10.93, 9.73, 9.31, 8.9, 8.25, 7.18, 6.93, 6.9, 6.88, 6.87, 6.87, 6.87, 6.87, 6.87, 6.87, 6.87, 6.88, 6.87, 6.88, 6.88, 6.88, 6.88, 6.88, 6.88, 6.88, 6.89]",108377,09JUN2011:08:00:00,38.957472355,-73.79347997,"[2.0, 3.0, 4.0, 4.0, 4.0, 4.0, 4.0, 4.0, 4.0, 4.0]","[20.7, 20.62, 20.62, 20.62, 20.62, 20.62, 20.62, 20.62, 20.62, 20.62]"
104,104,[DEL1105],2011-06-07 09:33:36,38.8933,-73.7767,"[1.0, 2.0, 3.0, 4.0, 5.0, 6.0, 7.0, 8.0, 9.0, 10.0, 11.0, 12.0, 13.0, 14.0, 15.0, 16.0, 17.0, 18.0, 19.0, 20.0, 21.0, 22.0, 23.0, 24.0, 25.0, 26.0, 27.0, 28.0, 29.0, 30.0, 31.0, 32.0, 33.0, 34.0, 35.0, 36.0, 37.0, 38.0, 39.0, 40.0, 41.0]","[19.6, 19.6, 19.58, 19.49, 19.39, 19.14, 18.89, 18.79, 18.7, 18.24, 16.65, 15.34, 13.48, 12.29, 11.55, 10.93, 9.73, 9.31, 8.9, 8.25, 7.18, 6.93, 6.9, 6.88, 6.87, 6.87, 6.87, 6.87, 6.87, 6.87, 6.87, 6.88, 6.87, 6.88, 6.88, 6.88, 6.88, 6.88, 6.88, 6.88, 6.89]",108377,09JUN2011:16:00:00,38.96219541,-73.81095941,"[2.0, 5.0, 8.0, 10.0, 13.0, 27.0, 32.0, 33.0, 38.0, 42.0]","[20.84, 19.3414, 18.6429, 16.5982, 14.6551, 9.0798, 8.7369, 8.1781, 8.6353, 8.14]"
105,105,[DEL1105],2011-06-05 03:44:24,38.1083,-74.415,"[1.0, 2.0, 3.0, 4.0, 5.0, 6.0, 7.0, 8.0, 9.0, 10.0, 11.0, 12.0, 13.0, 14.0, 15.0, 16.0, 17.0, 18.0, 19.0, 20.0, 21.0, 22.0, 23.0, 24.0, 25.0, 26.0, 27.0, 28.0, 29.0, 30.0, 31.0, 32.0, 33.0, 34.0, 35.0, 36.0, 37.0, 38.0, 39.0]","[20.04, 20.03, 19.98, 19.9, 19.86, 19.72, 19.04, 18.61, 18.06, 17.19, 16.73, 16.18, 14.91, 13.58, 13.6, 13.18, 12.43, 12.02, 11.81, 11.32, 10.77, 9.81, 9.41, 9.07, 9.04, 9.1, 9.44, 9.69, 9.79, 10.04, 10.2, 10.21, 10.21, 10.23, 10.31, 10.52, 10.71, 10.79, 10.8]",108380,03JUN2011:20:00:00,38.086168384,-74.50033503,"[2.0, 8.0, 12.0, 16.0, 19.0, 21.0, 22.0, 24.0, 25.0, 47.0]","[20.02, 19.5602, 18.8512, 17.1268, 14.3391, 12.835, 12.6913, 10.622, 10.44, 10.5071]"
106,106,[DEL1105],2011-06-05 03:44:24,38.1083,-74.415,"[1.0, 2.0, 3.0, 4.0, 5.0, 6.0, 7.0, 8.0, 9.0, 10.0, 11.0, 12.0, 13.0, 14.0, 15.0, 16.0, 17.0, 18.0, 19.0, 20.0, 21.0, 22.0, 23.0, 24.0, 25.0, 26.0, 27.0, 28.0, 29.0, 30.0, 31.0, 32.0, 33.0, 34.0, 35.0, 36.0, 37.0, 38.0, 39.0]","[20.04, 20.03, 19.98, 19.9, 19.86, 19.72, 19.04, 18.61, 18.06, 17.19, 16.73, 16.18, 14.91, 13.58, 13.6, 13.18, 12.43, 12.02, 11.81, 11.32, 10.77, 9.81, 9.41, 9.07, 9.04, 9.1, 9.44, 9.69, 9.79, 10.04, 10.2, 10.21, 10.21, 10.23, 10.31, 10.52, 10.71, 10.79, 10.8]",108380,04JUN2011:20:00:00,38.128216567,-74.36661695,"[2.0, 7.0, 11.0, 13.0, 15.0, 16.0, 21.0, 23.0, 25.0, 45.0]","[20.03, 19.5733, 18.5145, 16.6046, 15.878, 14.1238, 12.2139, 10.4596, 9.65, 10.8229]"
107,107,[DEL1105],2011-06-05 03:44:24,38.1083,-74.415,"[1.0, 2.0, 3.0, 4.0, 5.0, 6.0, 7.0, 8.0, 9.0, 10.0, 11.0, 12.0, 13.0, 14.0, 15.0, 16.0, 17.0, 18.0, 19.0, 20.0, 21.0, 22.0, 23.0, 24.0, 25.0, 26.0, 27.0, 28.0, 29.0, 30.0, 31.0, 32.0, 33.0, 34.0, 35.0, 36.0, 37.0, 38.0, 39.0]","[20.04, 20.03, 19.98, 19.9, 19.86, 19.72, 19.04, 18.61, 18.06, 17.19, 16.73, 16.18, 14.91, 13.58, 13.6, 13.18, 12.43, 12.02, 11.81, 11.32, 10.77, 9.81, 9.41, 9.07, 9.04, 9.1, 9.44, 9.69, 9.79, 10.04, 10.2, 10.21, 10.21, 10.23, 10.31, 10.52, 10.71, 10.79, 10.8]",108380,05JUN2011:20:00:00,38.154300319,-74.4555368,"[2.0, 7.0, 11.0, 13.0, 15.0, 16.0, 17.0, 18.0, 27.0, 46.0]","[20.22, 19.9618, 18.8642, 17.6376, 14.6894, 12.5804, 12.4082, 11.3538, 9.7505, 9.46]"
108,108,[DEL1105],2011-06-07 02:06:00,38.265,-74.52,"[1.0, 2.0, 3.0, 4.0, 5.0, 6.0, 7.0, 8.0, 9.0, 10.0, 11.0, 12.0, 13.0, 14.0, 15.0, 16.0, 17.0, 18.0, 19.0, 20.0, 21.0, 22.0, 23.0, 24.0, 25.0, 26.0, 27.0, 28.0, 29.0, 30.0, 31.0, 32.0, 33.0, 34.0, 35.0]","[22.33, 21.79, 21.02, 20.86, 20.79, 20.74, 20.71, 20.68, 20.66, 20.63, 20.41, 18.61, 15.79, 14.33, 13.7, 13.3, 12.48, 10.08, 8.85, 8.64, 8.58, 8.54, 8.43, 8.39, 8.39, 8.39, 8.39, 8.39, 8.39, 8.39, 8.39, 8.4, 8.4, 8.4, 8.4]",108380,08JUN2011:04:00:00,38.316119134,-74.48396813,"[2.0, 6.0, 9.0, 10.0, 14.0, 15.0, 17.0, 20.0, 26.0, 39.0]","[21.3, 20.8942, 19.8545, 19.1064, 13.9329, 13.5398, 11.0038, 9.5583, 8.7088, 8.62]"
109,109,[DEL1105],2011-06-07 02:06:00,38.265,-74.52,"[1.0, 2.0, 3.0, 4.0, 5.0, 6.0, 7.0, 8.0, 9.0, 10.0, 11.0, 12.0, 13.0, 14.0, 15.0, 16.0, 17.0, 18.0, 19.0, 20.0, 21.0, 22.0, 23.0, 24.0, 25.0, 26.0, 27.0, 28.0, 29.0, 30.0, 31.0, 32.0, 33.0, 34.0, 35.0]","[22.33, 21.79, 21.02, 20.86, 20.79, 20.74, 20.71, 20.68, 20.66, 20.63, 20.41, 18.61, 15.79, 14.33, 13.7, 13.3, 12.48, 10.08, 8.85, 8.64, 8.58, 8.54, 8.43, 8.39, 8.39, 8.39, 8.39, 8.39, 8.39, 8.39, 8.39, 8.4, 8.4, 8.4, 8.4]",108380,08JUN2011:08:00:00,38.32211427,-74.4833055,"[2.0, 4.0, 5.0, 6.0, 7.0, 8.0, 9.0, 10.0, 11.0, 11.0]","[21.01, 20.9466, 20.8773, 20.8773, 20.8457, 20.8001, 20.5051, 19.9071, 19.3547, 19.03]"
110,110,[DEL1105],2011-06-07 02:06:00,38.265,-74.52,"[1.0, 2.0, 3.0, 4.0, 5.0, 6.0, 7.0, 8.0, 9.0, 10.0, 11.0, 12.0, 13.0, 14.0, 15.0, 16.0, 17.0, 18.0, 19.0, 20.0, 21.0, 22.0, 23.0, 24.0, 25.0, 26.0, 27.0, 28.0, 29.0, 30.0, 31.0, 32.0, 33.0, 34.0, 35.0]","[22.33, 21.79, 21.02, 20.86, 20.79, 20.74, 20.71, 20.68, 20.66, 20.63, 20.41, 18.61, 15.79, 14.33, 13.7, 13.3, 12.48, 10.08, 8.85, 8.64, 8.58, 8.54, 8.43, 8.39, 8.39, 8.39, 8.39, 8.39, 8.39, 8.39, 8.39, 8.4, 8.4, 8.4, 8.4]",108380,08JUN2011:12:00:00,38.329378712,-74.49831108,"[2.0, 8.0, 10.0, 11.0, 12.0, 15.0, 19.0, 21.0, 23.0, 39.0]","[21.01, 20.9115, 20.4684, 19.5082, 18.0064, 15.3597, 11.0635, 9.7094, 8.9831, 8.7]"
111,111,[S11301],2013-06-18 08:21:35,38.2167,-74.2567,"[2.0, 3.0, 4.0, 5.0, 6.0, 7.0, 8.0, 9.0, 10.0, 11.0, 12.0, 13.0, 14.0, 15.0, 16.0, 17.0, 18.0, 19.0, 20.0, 21.0, 22.0, 23.0, 24.0, 25.0, 26.0, 27.0, 28.0, 29.0, 30.0, 31.0, 32.0, 33.0, 34.0, 35.0, 36.0, 37.0, 38.0, 39.0, 40.0, 41.0, 42.0, 43.0]","[18.9, 18.9, 18.9, 18.9, 18.9, 18.88, 18.57, 18.33, 17.97, 17.37, 16.76, 15.74, 14.11, 13.29, 12.56, 10.42, 9.51, 9.22, 9.1, 8.9, 8.85, 8.78, 8.7, 8.65, 8.65, 8.65, 8.65, 8.65, 8.65, 8.65, 8.65, 8.65, 8.65, 8.65, 8.65, 8.66, 8.66, 8.66, 8.66, 8.66, 8.65, 8.65]",117169,17JUN2013:16:00:00,38.288282005,-74.31424726,"[2.0, 10.0, 13.0, 14.0, 16.0, 19.0, 20.0, 21.0, 24.0, 51.0]","[18.72, 18.4831, 17.7823, 17.1309, 14.8411, 10.5476, 9.7383, 9.4225, 9.1955, 8.85]"
112,112,[HB1303],2013-08-12 02:02:23,39.415,-73.8367,"[1.0, 2.0, 3.0, 4.0, 5.0, 6.0, 7.0, 8.0, 9.0, 10.0, 11.0, 12.0, 13.0, 14.0, 15.0, 16.0, 17.0, 18.0, 19.0, 20.0, 21.0, 22.0, 27.0]","[23.57, 23.57, 23.57, 23.57, 23.55, 23.52, 23.44, 23.25, 22.72, 21.18, 18.48, 15.23, 14.32, 13.69, 13.2, 12.65, 11.8, 11.03, 10.6, 10.3, 9.98, 9.9, 10.42]",117170,13AUG2013:00:00:00,39.35282066,-73.75529858,"[2.0, 9.0, 12.0, 15.0, 17.0, 18.0, 19.0, 21.0, 23.0, 37.0]","[23.4, 22.4178, 21.0397, 17.0082, 13.7391, 12.9328, 11.5547, 10.118, 9.1945, 8.74]"
